STORE_CODE,CITY,STATE,ZIP_CODE,OPEN_DATE,REVENUE,CUST_CNT,TRANS_CNT,FUTURE_REV,PLATINUM_PCT,GOLD_PCT,SILVER_PCT,BRONZE_PCT,MEDIUM_PCT,LOW_PCT,NEW_CNT,REACTIVATED_CNT,CONTINUING_CNT,NEW_PCT,REACTIVATED_PCT,CONTINUING_PCT,ONLINE_REVENUE,ONLINE_CUST_CNT,ONLINE_TRANS_CNT,ONLINE_FUTURE_REV,ONLINE_LESSTHAN5,ONLINE_BT5AND10,ONLINE_BT10AND15,ONLINE_BT15AND20,ONLINE_BT20AND25,ONLINE_BT25AND30,ONLINE_MORETHAN30,MAPPED_ZP_HHSIZE_AVG,MAPPED_ZP_AGE_MEDIAN,MAPPED_ZP_MALE_PERCENT,MAPPED_ZP_FEMALE_PERCENT,MAPPED_ZP_MARRIED_PERCENT,MAPPED_ZP_SINGLE_PERCENT,MAPPED_ZP_HHINCOME_MEDIAN,MAPPED_ZP_POPULATION,MAPPED_ZP_HISPANIC,MAPPED_ZP_WHITE,MAPPED_ZP_AFRICAN_AMERICAN,MAPPED_ZP_AM_IN_ALSK_NAT,MAPPED_ZP_ASIAN,MAPPED_ZP_NAT_HAW_PAC_ISLANDER,MAPPED_ZP_TWOPLUS_RACES,MAPPED_ZP_OTHER_RACE,STORE_SIZE,STORE_MALL_TYPE,STORE_MALL_SUBTYPE,CLIMATE_Q1,CLIMATE_Q2,CLIMATE_Q3,CLIMATE_Q4,STORE_LAUNCH
1503,San Francisco,CA,94103,10/5/1989,10295078.09,47650,65188,21590680.29,4.78,14.04,11.87,23.99,20.98,24.33,25279,7062,16547,51.71,14.45,33.85,20884871.48,35884,93238,16366925.01,29221,4219,2362,82,0,0,0,2.511891892,39.93157895,0.511796979,0.488203021,0.427289474,0.572710526,81517.8018,31709.68421,5559.710526,11997.18421,1350.763158,47.76315789,11197.52632,171.8157895,1235.947368,148.9736842,11851,Mall,Top Tier,COLD,HOT,COLD,COLD,1989
1505,Costa Mesa,CA,92626,2/1/2000,6360963.57,27778,45399,16583922.96,7.09,16.52,11.86,22.8,17.84,23.9,13155,4002,11445,45.99,13.99,40.01,7008172.92,13993,39706,5185736.37,3373,5704,2909,1286,531,146,44,NA,NA,NA,NA,NA,NA,NA,NA,NA,NA,NA,NA,NA,NA,NA,NA,NA,Mall,Top Tier,COLD,HOT,COLD,COLD,1989
1506,Philadelphia,PA,19103,10/12/1990,5640842.805,24311,39608,15851572.71,7.21,19.31,15.45,27.58,14.19,16.26,9536,4148,11557,37.78,16.43,45.79,11857700.64,21004,59965,8370221.28,14199,6096,442,224,11,20,12,2.577647059,35.16923077,0.474300905,0.525699095,0.336192308,0.663807692,49102.62756,22641.33333,3527,7422.5,9746.555556,43.68518519,1413.888889,6.759259259,422.3703704,58.57407407,8024,Mall,Urban Specialty,COLD,HOT,COLD,COLD,1990
1507,Portland,OR,97204,1/1/2001,3738606.33,19168,26907,8726773.425,4.77,14.57,13.2,24.91,19.04,23.51,9544,3198,7003,48.34,16.2,35.47,11736786.35,21152,61446,7595604.84,11789,5607,1850,441,237,64,1164,2.50796875,39.434375,0.500479674,0.499520326,0.48259375,0.51740625,57461.39153,22731.98462,2331.984615,16869.93846,796.6769231,130.0769231,1493.815385,127.8923077,929.8923077,51.70769231,7481,Mall,B+,COLD,HOT,COLD,COLD,2001
1509,Washington,DC,20007,10/15/1991,8648014.935,37066,53695,28030175.69,8.95,20.78,15.41,25.27,13.02,16.57,13782,6027,18651,35.83,15.67,48.49,6242577.675,9121,27707,4507251.765,9120,1,0,0,0,0,0,2.213333333,36.01666667,0.483548535,0.516451465,0.444,0.556,103986.2716,17642.44444,1943.444444,12899.44444,796,11,1444.555556,5.333333333,503.8888889,38.77777778,13973,Street,Urban Specialty,COLD,HOT,COLD,COLD,1991
1510,Bethesda,MD,20817,10/18/1991,4065855.075,20008,32746,13878028.17,8.3,18.99,14.27,27.79,17.22,13.44,7516,3546,9570,36.43,17.19,46.38,7819206.87,13375,40636,5257730.925,6113,4243,1509,530,303,175,502,2.784090909,40.51818182,0.485397266,0.514602734,0.5395,0.4605,111457.0271,29095.27273,5679,13128.22727,4140.545455,33,5005.181818,11.13636364,937.5,160.6818182,7715,Mall,A,COLD,HOT,COLD,COLD,1991
1511,Dallas,TX,75225,5/7/1992,4656811.995,20691,32130,16214623.32,9.62,21.96,14.66,24.7,14.65,14.4,7087,3733,10727,32.89,17.32,49.78,3833918.265,7130,18556,3084023.88,3751,1802,486,326,91,45,629,2.625384615,35.66153846,0.497132766,0.502867234,0.525769231,0.474230769,74035.19177,32435.61538,10580,15309.38462,3732.230769,51.61538462,2087.153846,24.76923077,569,81.46153846,7404,Mall,Top Tier,COLD,HOT,HOT,COLD,1992
1512,Oakbrook,IL,60523,5/22/1992,4822305.6,20856,35086,16571847.74,9.79,21.36,15.55,25.82,14.54,12.93,7243,3721,10590,33.6,17.26,49.13,14892929.37,27060,75023,9812705.115,5521,6909,4213,3652,2242,759,3764,2.768245614,41.15517241,0.493813167,0.506186833,0.500896552,0.499103448,70680.95316,20181.91379,3655.689655,12807.5,2289.724138,10.37931034,1106.241379,3.827586207,288.3793103,20.17241379,9611,Lifestyle,Top Tier,COLD,HOT,COLD,COLD,1992
1513,Northbrook,IL,60062,7/24/1992,2295380.775,10830,17047,10621804.95,12.81,23.28,14.99,25.75,13.11,10.05,3029,1824,6387,26.95,16.23,56.82,5460208.155,8083,24178,4064679.99,4755,2627,251,123,61,212,54,2.613076923,42.79230769,0.491096881,0.508903119,0.599846154,0.400153846,92189.21252,36345.07692,4337.538462,25902.46154,733.3846154,39.53846154,4752.461538,10.38461538,522,47.30769231,8282,Mall,B,COLD,HOT,COLD,COLD,1992
1514,Chicago,IL,60611,8/27/1992,9169619.82,39574,56764,32000868.23,10.01,20.77,14.87,24.55,14.66,15.16,14935,6736,19318,36.44,16.43,47.13,10797442.29,17949,50445,7521926.385,12339,1742,1257,239,467,568,1337,2.267272727,36.21515152,0.472591017,0.527408983,0.347272727,0.652727273,51025.25465,24565.0303,3754.181818,7290.848485,11593.30303,40.51515152,1497.090909,4.939393939,353.6666667,30.48484848,9543,Street,Downtown Mall,COLD,HOT,COLD,COLD,1992
1515,Troy,MI,48084,9/17/1992,5309843.37,21387,36993,13602464.54,7.1,18.4,15.46,29.33,16.17,13.53,8115,4307,9649,36.77,19.51,43.72,12416681.24,23844,63107,8625794.745,5312,4936,4219,6124,800,397,2056,2.529936306,40.31401274,0.488035176,0.511964824,0.457292994,0.542707006,59305.67338,21645.1,977.05,13534.05625,5658.8,54.525,896.175,5.65625,474.04375,44.79375,8524,Mall,Top Tier,COLD,HOT,COLD,COLD,1992
1517,Westport,CT,06880,10/30/1992,6511311.42,21533,41552,21045173.7,12.43,25,15.98,25.08,11.97,9.54,5446,3782,13146,24.34,16.9,58.76,6921861.495,10689,31859,5653622.235,5042,3357,1422,562,255,48,3,2.754,42.15238095,0.510132673,0.489867327,0.499,0.501,90224.61168,18673.09524,3809.809524,10774.71429,2843.380952,35.19047619,752.7619048,4.285714286,382.0952381,70.85714286,8480,Street,Metro Area Street,COLD,HOT,COLD,COLD,1992
1520,Atlanta,GA,30326,5/1/2002,11209976.87,45538,72910,28063188.35,7.17,17.65,14.14,26.73,16.12,18.19,18974,7338,20773,40.3,15.58,44.12,8265043.545,12860,36925,6022554.9,8736,2957,535,322,163,67,80,2.427333333,36.53333333,0.477822774,0.522177226,0.410466667,0.589533333,60779.15476,27894.2,3256.133333,11789.4,9723.466667,41.86666667,2301.333333,15.86666667,661.6666667,104.4666667,13422,Mall,Top Tier,COLD,HOT,COLD,COLD,2002
1521,Garden City,NY,11530,4/21/1993,4673488.08,23089,36456,17192189.15,9.35,20.17,14.07,25.3,15.07,16.04,9416,3518,10896,39.51,14.76,45.72,10563283.56,17735,51940,7380946.68,6028,9452,2255,0,0,0,0,3.119423077,41.07037037,0.491745471,0.508254529,0.492481481,0.507518519,88537.5389,25961.62963,4408.555556,11216.09259,7099.166667,41.05555556,2418.018519,7.87037037,490.8703704,280,8453,Mall,Top Tier,COLD,HOT,COLD,COLD,1993
1522,Pasadena,CA,91105,5/15/1993,5932074.27,27601,44013,13068526.5,5.27,15.5,12.45,24.23,20.72,21.83,13410,3948,11059,47.19,13.89,38.92,14079697.86,27323,78913,9943466.445,9988,4669,2059,2464,1098,769,6276,3.226941176,38.59529412,0.488384289,0.511615711,0.469294118,0.530705882,66148.19673,36548.11765,20204.45882,7110.035294,921.9294118,79.72941176,7529.988235,65.21176471,555.8588235,80.90588235,11369,Street,Metro Area Street,HOT,HOT,HOT,HOT,1993
1524,Houston,TX,77056,8/26/1993,2988428.055,15718,21268,9298643.295,6.7,17.37,13.22,25.22,17.18,20.3,7105,2462,6618,43.9,15.21,40.89,5998176.93,9982,28531,4173799.365,5427,903,1255,1254,461,224,458,2.736428571,36.75,0.499785303,0.500214697,0.500214286,0.499785714,57654.15007,33216.6,13422.46667,8690.933333,6905.066667,23.8,3601.6,13,527.5333333,32.2,6595,Mall,Top Tier,HOT,HOT,HOT,COLD,1993
1525,St Louis,MO,63131,9/16/1993,3014531.685,13029,22856,9496711.395,8.53,20.21,15.18,28.43,15.81,11.84,4584,2374,6625,33.75,17.48,48.77,5355038.46,10668,28273,3635867.91,3457,2298,1421,637,385,203,2267,2.569387755,41.894,0.50230685,0.49769315,0.56568,0.43432,71089.69125,19391.94118,535,17018.41176,710.9803922,28.05882353,696,3.68627451,370.3333333,29.47058824,7541,Mall,B,COLD,HOT,COLD,COLD,1993
1526,Peabody,MA,01960,9/17/1993,1712050.38,9265,14182,6005544.06,7.57,17.73,13.44,27.05,19.48,14.74,3710,1457,4372,38.89,15.27,45.83,10745222.72,19052,53393,7638830.07,2077,3458,1434,1859,796,451,8977,2.543529412,44.61428571,0.485484473,0.514515527,0.528314286,0.471685714,81675.093,13909.85714,1630.685714,11113.05714,474.6285714,10.82857143,396.4285714,4.428571429,230.3142857,49.48571429,6280,Mall,A-,COLD,HOT,COLD,COLD,1993
1528,Indianapolis,IN,46240,11/17/1993,4522144.575,17438,31048,10706487.75,6.66,17.44,15.2,30.68,16.66,13.36,6843,3321,8006,37.66,18.28,44.06,8911594.23,17436,46610,6012607.89,2959,5390,2061,823,631,189,5383,2.562197802,38.32857143,0.487628135,0.512371865,0.493728261,0.506271739,60203.48609,19241.67391,1343.836957,13625.01087,3154.358696,33.05434783,602.9456522,3.934782609,432.3804348,46.15217391,8672,Mall,A-,COLD,HOT,COLD,COLD,1993
1529,Edina,MN,55435,11/18/1993,3813575.1,16447,27213,13538201.01,10.09,21.79,15.17,25.85,14.35,12.75,5428,3525,8098,31.83,20.67,47.49,14785849.7,24604,69989,9846847.545,7065,5407,4103,1680,358,270,5721,2.58890625,39.4328125,0.494530915,0.505469085,0.577484375,0.422515625,80358.37808,17891.54688,971.15625,14356.21875,1023.421875,57.09375,956.4375,4.421875,479.6875,43.109375,9453,Mall,A-,COLD,HOT,COLD,COLD,1993
1530,Bellevue,WA,98004,11/10/1994,3559096.215,17639,26714,9645449.13,6.08,16.97,15.12,28.01,18.32,15.51,6963,3054,8136,38.36,16.82,44.82,12742634.19,25192,65854,8689191.825,4788,6353,2571,1298,1076,1427,7679,2.696578947,39.81794872,0.504835105,0.495164895,0.579128205,0.420871795,90078.48803,24002.175,2046.25,14782.05,1052,118.1,4680.925,160.4,1120.25,42.2,6706,Mall,Top Tier,COLD,HOT,COLD,COLD,1994
1531,King of Prussia,PA,19406,11/1/1995,8834627.01,33538,55064,26376293.97,9.56,21.01,15.46,27.2,14.15,12.62,11672,5795,17316,33.56,16.66,49.78,11149416.98,18298,54764,7706102.31,4321,6739,1278,731,298,328,4603,2.500943396,43.17843137,0.501087174,0.498912826,0.581849057,0.418150943,76952.18323,12718.83929,624.7857143,10144.23214,859,9.071428571,825.7857143,2.160714286,229.3035714,24.5,8615,Mall,Top Tier,COLD,HOT,COLD,COLD,1995
1532,Raleigh,NC,27612,11/1/1995,3129317.43,14604,23528,8612440.185,6.74,17.14,14.03,29.95,16.58,15.58,5951,2685,6501,39.31,17.74,42.95,10893533.82,21128,57832,7251462.975,6065,3847,2390,1020,342,112,7352,2.607631579,37.03421053,0.492165458,0.507834542,0.524315789,0.475684211,66667.06703,31052.52632,3133.578947,19483.86842,6039.315789,86.65789474,1496,10.78947368,701.0789474,101.2368421,9177,Mall,A,COLD,HOT,COLD,COLD,1995
1533,McLean,VA,22102,4/18/1996,4164554.61,18254,29141,19121713.1,13.06,25.49,15.15,23.32,11.7,11.29,5012,3381,10556,26.45,17.84,55.71,2431894.875,3727,11609,1680220.26,3542,185,0,0,0,0,0,2.834444444,39.91111111,0.504385755,0.495614245,0.591888889,0.408111111,133845.9733,20994.55556,2623,12613.44444,754.4444444,14,4071.666667,11.33333333,842.4444444,64.22222222,7812,Mall,A,COLD,HOT,COLD,COLD,1996
1538,Paramus,NJ,07652,8/16/1996,6992293.485,30015,48883,23371526.69,9.44,20.66,15.08,26.75,13.45,14.62,10443,4806,15781,33.65,15.49,50.86,4680752.25,7568,23317,3325076.37,5149,1914,505,0,0,0,0,3.022666667,40.51,0.486184538,0.513815462,0.517133333,0.482866667,87891.78785,15785.54839,4250.903226,8115.580645,1508.806452,12.64516129,1660.290323,1.774193548,197.2580645,38.29032258,6355,Mall,Top Tier,COLD,HOT,COLD,COLD,1996
1539,Palo Alto,CA,94304,11/7/1996,5965698.39,29700,43254,16717715.4,6.62,15.71,11.87,24.31,21.89,19.6,13867,4508,12089,45.52,14.8,39.68,13123180.83,21898,61330,10196842.04,7945,7161,6402,380,10,0,0,2.762571429,39.69714286,0.498900742,0.501099258,0.541371429,0.458628571,107031.3582,27784.62857,6508.914286,10714.42857,911.3714286,56.54285714,8031.342857,362.0857143,1133.085714,66.85714286,7521,Lifestyle,Top Tier,COLD,HOT,COLD,COLD,1996
1541,New York,NY,10003,7/1/1996,24610256.63,91970,150848,76608368,10.27,22.78,15.57,23.29,13.82,14.27,32763,14630,48023,34.34,15.33,50.33,15946446.45,23461,65569,13421209.91,23461,0,0,0,0,0,0,1.845,35.93333333,0.492743334,0.507256666,0.309166667,0.690833333,80915.35422,44607.5,6145.5,30175.5,2097.333333,65.83333333,4875,17,982.1666667,249.1666667,20983,Street,Urban Specialty,COLD,HOT,COLD,COLD,1996
1542,Boca Raton,FL,33431,4/16/1997,2353432.41,12838,19266,7078318.14,6.38,14.49,12.47,27.4,20.49,18.76,5603,2187,5322,42.73,16.68,40.59,7275071.295,13685,36341,4975156.785,2825,2700,1063,806,1427,576,4288,2.622954545,45.31818182,0.482148659,0.517851341,0.473727273,0.526272727,62155.87437,31081.81818,7036.386364,16579.95455,5900.136364,28.79545455,894.3181818,10.47727273,478.3863636,153.3636364,5907,Lifestyle,Top Tier,HOT,HOT,HOT,HOT,1997
1543,Boston,MA,02116,5/9/1997,5941965.525,24490,38335,21613640.19,11.39,21.54,13.69,22.01,13.97,17.4,8986,3769,12827,35.13,14.73,50.14,6012805.62,9830,27955,4580719.245,8960,870,0,0,0,0,0,NA,NA,NA,NA,NA,NA,NA,NA,NA,NA,NA,NA,NA,NA,NA,NA,NA,Mall,Downtown Mall,COLD,HOT,COLD,COLD,1997
1544,Short Hills,NJ,07078,6/4/1997,10354106.25,35879,66164,35096789.22,12.55,23.99,14.81,23.75,12.82,12.09,10703,5809,20749,28.72,15.59,55.69,16599980.4,24941,78136,12389201.88,8452,13239,3181,69,0,0,0,2.807922078,40.0012987,0.482150741,0.517849259,0.484571429,0.515428571,86350.60258,21102.70513,5124.512821,8007.794872,5632.076923,22.8974359,1797.179487,2.602564103,309.3461538,206.2948718,10397,Mall,Top Tier,COLD,HOT,COLD,COLD,1997
1545,Charlotte,NC,28211,6/18/1997,4917453.42,21420,36379,14226538.4,7.79,18.29,14.82,30.01,16.03,13.06,7608,4608,10115,34.07,20.63,45.3,19716784.29,37246,100131,12770907.68,7799,5036,3343,2149,1847,800,16272,2.613888889,38.07671233,0.480519481,0.519480519,0.484575342,0.515424658,57485.33495,26548.14474,2779.368421,15944.92105,6048.776316,79.36842105,1039.328947,12.18421053,573.3026316,70.89473684,8513,Mall,A,COLD,HOT,COLD,COLD,1997
1547,Los Angeles,CA,90067,7/30/1997,6297390.405,28040,39605,16380685.46,6.68,16.46,12.38,24.29,20.7,19.49,13279,3892,11734,45.94,13.46,40.6,6532301.01,10898,28675,5510851.95,10739,159,0,0,0,0,0,2.253076923,40.76153846,0.47950618,0.52049382,0.452,0.548,93549.13988,26574.23077,4282.461538,15454.69231,1178.923077,22.76923077,4423.307692,29.61538462,1063.692308,118.7692308,6111,Mall,A,COLD,HOT,COLD,COLD,1997
1548,Farmington,CT,06032,8/1/1997,4075465.56,18241,31411,11973495.51,7.67,18.72,15.14,30.19,15.97,12.31,6398,3357,9080,33.97,17.82,48.21,5251218.33,9931,28540,3554533.425,3067,2549,2082,1023,559,463,188,2.482608696,42.73478261,0.48643731,0.51356269,0.476231884,0.523768116,71633.86295,15618.8,2909.057143,9960.7,1709.371429,14.1,668.4857143,2.942857143,307.8571429,46.28571429,8111,Mall,A,COLD,HOT,COLD,COLD,1997
1551,Aventura,FL,33180,11/30/1997,6137769.09,26209,36402,9527403.555,3.98,11.24,9.98,23.38,21.4,30.02,14799,3261,8514,55.69,12.27,32.04,3032382.375,5810,15647,2319638.445,2823,1365,1187,435,0,0,0,3.08137931,39.85517241,0.480394223,0.519605777,0.42337931,0.57662069,59317.099,39606.58621,16134.75862,9210.827586,12347.34483,82.17241379,1135.62069,11.75862069,501.6551724,182.4482759,7861,Mall,Top Tier,HOT,HOT,HOT,HOT,1997
1553,Braintree,MA,02184,11/10/1997,2274964.65,12197,17928,7282820.31,7,16.78,12.75,24.77,20.44,18.26,5586,1667,5438,44.02,13.14,42.85,2642648.115,4765,14059,2204358.645,4085,345,308,27,0,0,0,2.719047619,38.84090909,0.484722904,0.515277096,0.446590909,0.553409091,77732.52651,21014.95455,1054.545455,14109.04545,3135.863636,36.27272727,1717.590909,9.818181818,467.5454545,484.2727273,7714,Mall,A,COLD,HOT,COLD,COLD,1997
1554,Hackensack,NJ,07601,2/28/1998,2692857.03,12911,21779,12411288.57,11.96,23.65,15.89,25.54,12.05,10.91,3636,2176,7577,27.16,16.25,56.59,14031002.63,25525,74629,8306600.355,15342,9069,1114,0,0,0,0,2.786842105,40.27368421,0.484611213,0.515388787,0.496657895,0.503342105,71533.0455,19953.26316,6637.605263,8555.157895,1666.210526,21.28947368,2710.131579,4.026315789,292.3157895,66.52631579,6744,Mall,A-,COLD,HOT,COLD,COLD,1998
1555,Atlanta,GA,30346,4/1/1998,3531762.225,18520,28214,12396743.81,7.9,19.2,15.02,28.02,15.04,14.84,6560,3270,9408,34.1,17,48.9,5693807.235,10832,29739,4019387.34,4527,3018,1301,1152,471,167,196,2.911282051,36.77948718,0.493505482,0.506494518,0.547948718,0.452051282,75598.71349,47592.30769,7396.307692,26295.69231,7627.333333,91.41025641,4968.051282,13.97435897,1011.025641,188.5128205,8411,Mall,A-,COLD,HOT,COLD,COLD,1998
1556,Santa Monica,CA,90401,1/1/1998,5959679.25,27195,38595,14284828.79,5.84,15.22,11.54,23.52,20.5,23.38,13521,3864,10578,48.35,13.82,37.83,6765994.86,10415,27616,5790921.135,9795,392,228,0,0,0,0,2.16,39.76666667,0.487418473,0.512581528,0.396666667,0.603333333,97456.99295,21756.25,3668.666667,14139.75,811.25,31.91666667,2078.75,23,904.6666667,98.25,15111,Street,Metro Area Street,COLD,HOT,COLD,COLD,1998
1558,Corte Madera,CA,94925,6/3/1998,4332387.765,18682,30870,11634271.64,7.3,18.31,13.06,25.32,19.91,16.1,7601,3318,8306,39.54,17.26,43.2,8158238.22,13500,35593,6661360.77,5381,1831,708,61,1015,1151,3353,2.44969697,47.52727273,0.497426178,0.502573822,0.516121212,0.483878788,79753.65708,13148.81818,2953.424242,8627.30303,334.5151515,21.09090909,652.8484848,16.6969697,413.6969697,129.2424242,8249,Lifestyle,B,COLD,HOT,COLD,COLD,1998
1561,White Plains,NY,10601,11/7/1998,4745969.415,20283,31688,19393069.26,12.36,23.47,14.82,24,13.47,11.88,6558,3806,10655,31.2,18.11,50.69,12711518.04,17993,55420,9450485.085,5927,10994,942,130,0,0,0,2.764634146,41.41904762,0.496295468,0.503704532,0.513547619,0.486452381,108718.102,15713.88095,3393.285714,8389.02381,2523.642857,19.57142857,1042.642857,2.80952381,272.6190476,70.28571429,6421,Mall,A,COLD,HOT,COLD,COLD,1998
1564,Huntington Station,NY,11746,10/8/1998,4297974.69,18528,31767,13744743.75,9.16,20.21,14.71,28.89,15.74,11.3,6366,3416,9320,33.33,17.88,48.79,9342853.125,16618,48033,6650287.995,3878,6491,2591,2615,998,45,0,2.965588235,42.40294118,0.490427224,0.509572776,0.532544118,0.467455882,94370.13033,20496.14706,3661.985294,14073.22059,1398.367647,22.20588235,998.9705882,4.838235294,256.8823529,79.67647059,8151,Mall,A,COLD,HOT,COLD,COLD,1998
1567,Ann Arbor,MI,48108,4/30/1999,2034966.555,10492,16356,5564561.055,5.66,15.18,13.69,29.58,20.12,15.77,4690,1978,4175,43.25,18.24,38.5,7185674.04,14267,38999,4683927.66,3794,1272,1124,1979,430,605,5063,2.572807018,40.95689655,0.492627251,0.507372749,0.523637931,0.476362069,61502.05576,18280.2,732.05,14474.65,1549.65,34.5,967.15,5.316666667,476.2666667,40.61666667,6638,Mall,B,COLD,HOT,COLD,COLD,1999
1569,Columbus,OH,43219,6/30/1999,5302192.86,19864,33987,13226287.4,7.79,19.26,15.07,29.49,15.21,13.18,7455,3623,9572,36.1,17.54,46.35,12064274.6,21749,61170,8060585.55,1636,9833,4007,983,543,399,4348,2.585977011,37.5244186,0.49744909,0.50255091,0.48562069,0.51437931,58152.95294,21333.03448,896.0574713,15405.44828,3438.275862,28.37931034,872.1034483,6.770114943,646.5402299,39.45977011,7971,Lifestyle,Top Tier,COLD,HOT,COLD,COLD,1999
1570,Denver,CO,80206,10/15/1999,6395446.125,26394,42587,15076589.85,6.49,17.7,14.31,27.63,18.18,15.69,10867,5187,11268,39.77,18.98,41.24,13912924.28,26939,67058,10474891.91,11516,5870,3553,1272,700,165,3863,2.548133333,36.85866667,0.500811853,0.499188147,0.486746667,0.513253333,68116.15517,25134.125,5710.2,15780.4625,1759.3375,100.925,1054.7,32.4375,638.7,57.3625,7611,Mall,A,COLD,HOT,COLD,COLD,1999
1573,Portland,OR,97223,5/22/1999,3597826.875,17521,27664,8515519.92,5.33,15.66,13.03,27.56,20.47,17.96,7809,3077,7145,43.31,17.07,39.63,7490027.835,15122,40914,4864836.435,4936,3235,648,195,119,162,5827,2.832272727,39.33181818,0.497443614,0.502556386,0.552545455,0.447454545,63362.51791,20740.04545,3288.954545,15058.20455,301.2727273,72.79545455,1186.704545,63.45454545,741.2727273,27.38636364,6301,Mall,A,COLD,HOT,COLD,COLD,1999
1574,Cincinnati,OH,45236,7/15/1999,3353510.28,15396,25755,8711956.08,6.11,15.68,13.57,31.95,19.08,13.61,6545,3007,6484,40.81,18.75,40.43,8875371.015,17424,46367,5749368.705,2873,5406,2903,1174,720,830,3518,2.529674797,38.79516129,0.486358372,0.513641628,0.47688,0.52312,57056.53394,16386.064,507.528,12981.8,2083.512,16.6,400.624,7.768,359.848,28.384,7187,Mall,A-,COLD,HOT,COLD,COLD,1999
1575,Hyannis,MA,02601,3/30/2000,1768889.445,8224,13554,4973641.455,6.96,15.98,11.58,25.64,21.62,18.23,3630,1250,3595,42.83,14.75,42.42,7245117.96,10771,33919,4752205.125,748,1010,801,1158,954,896,5204,2.275932203,52.58,0.495847887,0.504152113,0.529196721,0.470803279,62757.13543,5282.31746,149.5873016,4728.714286,140.5396825,16.11111111,67.85714286,2.444444444,116.6031746,60.46031746,6304,Mall,B,COLD,HOT,COLD,COLD,2000
1577,Providence Place,RI,02903,8/20/1999,2617821.45,14560,21105,8281941.99,6.11,16.4,13.56,27.93,17.98,18.02,6345,2300,6378,42.24,15.31,42.45,3824385.84,7262,21066,2627445.51,3398,1355,1281,684,141,331,72,2.573188406,40.61142857,0.483735108,0.516264892,0.4588,0.5412,64360.52457,15880.74286,2365.2,11469.74286,939.8714286,36.64285714,460.0285714,10.85714286,391.2714286,207.1285714,7611,Mall,A-,COLD,HOT,COLD,COLD,1999
1578,Mission Viejo,CA,92691,9/1/1999,2345391.03,12068,20629,6358625.46,5.73,16.3,11.94,25.74,21.76,18.52,5442,1902,5056,43.89,15.34,40.77,8332852.335,15954,45896,6027180.57,4372,5607,887,520,644,1071,2853,3.02875,40.0375,0.492902456,0.507097544,0.5344,0.4656,87615.97702,38465.275,13150.95,18582.575,1397.6,88.95,3868.05,90.025,1195.425,91.7,7211,Mall,A-,COLD,HOT,COLD,COLD,1999
1582,New York,NY,10112,10/15/1999,16434246.17,74846,101374,55559163.39,9.29,19.09,12.79,20.74,13.34,24.74,33801,10476,32700,43.91,13.61,42.48,10066614.78,13958,40761,7497287.355,13958,0,0,0,0,0,0,1.762,37.64,0.478413192,0.521586808,0.3356,0.6644,88824.82653,5292.36,518.4,3396,212.68,6.12,1005.8,0.4,125.56,27.4,14749,Street,High Profile Street,COLD,HOT,COLD,COLD,1999
1583,Nashville,TN,37215,10/15/1999,5404094.49,22299,35392,12673308.53,6.21,17.42,15.02,30.83,16.08,14.44,8986,4688,9546,38.7,20.19,41.11,6913921.47,13025,34226,5023911.585,3891,2807,2457,753,621,729,1767,2.714782609,39.4625,0.491488417,0.508511583,0.580125,0.419875,70760.85753,20044.33333,904.5,16847.33333,1210.166667,33.375,711.125,9.291666667,307.3333333,21.20833333,7955,Mall,B+,COLD,HOT,COLD,COLD,1999
1584,Skokie,IL,60077,6/15/2000,5025136.305,21767,36819,19140283.22,11.04,22.46,14.9,26.12,14.19,11.3,6934,3767,11936,30.63,16.64,52.73,7328382.87,11442,35031,5105315.94,10019,1419,4,0,0,0,0,2.755416667,41.62083333,0.487581539,0.512418462,0.55525,0.44475,83165.02412,28160.5,4796.291667,17535.83333,1429.958333,31.375,3610.583333,8.083333333,672.1666667,76.20833333,7938,Mall,A,COLD,HOT,COLD,COLD,2000
1588,Southfield,MI,49512,8/31/2000,2046849.885,8745,15976,5293174.215,6.91,17.21,14.04,29.94,18.79,13.11,3498,1679,3799,38.97,18.71,42.32,6541287.99,12754,34558,4283965.995,2622,2240,941,393,306,502,5750,2.695272727,37.50545455,0.502550918,0.497449082,0.549509091,0.450490909,52898.68426,16912.09091,1401.872727,13469.38182,1163.054545,44.07272727,390.4727273,2.4,423.0181818,17.81818182,8091,Mall,B,COLD,HOT,COLD,COLD,2000
1589,Broomfield,CO,80020,8/11/2000,1503326.835,7990,11716,3668918.58,4.87,14.25,12.63,29.53,21.76,16.95,3720,1460,3068,45.1,17.7,37.2,6861815.895,13548,32967,4795912.575,1560,3402,1779,629,207,85,5886,2.5502,38.328,0.507879221,0.492120779,0.51894,0.48106,71105.2603,21624.01961,4725.686275,15287.4902,230.2156863,73.2745098,818.4901961,16.25490196,436.9019608,35.70588235,5625,Mall,A,COLD,HOT,COLD,COLD,2000
1591,Metarie,LA,70002,10/5/2000,2569612.05,12966,20026,5500665.45,4.35,13.53,12.82,30.92,21.24,17.14,5894,2274,5154,44.24,17.07,38.69,5346703.455,11188,27528,3616991.97,2720,284,119,45,83,723,7214,2.598846154,39.52307692,0.488479473,0.511520527,0.463,0.537,55941.48186,16307.26923,2009.307692,10638.80769,2985.730769,35.57692308,415.7692308,1.884615385,173.0769231,47.11538462,6991,Mall,A,HOT,HOT,HOT,HOT,2000
1592,Deer Park,IL,60010,10/26/2000,2061982.41,9241,15985,6360702.825,8.01,18.86,15.11,29.82,17.12,11.08,3364,1683,4444,35.44,17.73,46.82,7478552.895,14478,40627,4920559.185,2736,4314,2249,1470,549,200,2960,2.78625,39.57291667,0.488367861,0.511632139,0.552734694,0.447265306,76344.59427,22471.40816,4537.714286,14826.89796,666.9795918,17.81632653,2002.306122,10.14285714,365.1020408,44.44897959,6411,Lifestyle,Suburban Specialty,COLD,HOT,COLD,COLD,2000
1594,German Town,TN,38138,9/21/2000,2223194.145,8419,15596,4531269.36,5.87,17.8,15.75,31.28,15.92,13.38,3419,1580,3716,39.23,18.13,42.64,4642799.91,9635,24662,3336847.35,2141,2337,1606,261,221,49,3020,2.672857143,36.96491228,0.483067917,0.516932083,0.427035088,0.572964912,51854.65082,20719.68333,1158.033333,9012.566667,9705.8,28.7,438.45,7.016666667,337.1333333,31.98333333,7387,Lifestyle,Suburban Specialty,COLD,HOT,COLD,COLD,2000
1595,Buffalo,NY,14225,6/29/2000,2644429.545,11158,19656,5958022.17,5.29,15.22,13.55,30.15,19.08,16.71,4983,1779,4733,43.35,15.48,41.17,4861237.11,8997,26875,3218723.895,1518,4199,1436,517,228,174,925,2.347011494,42.38089888,0.486697825,0.513302175,0.458696629,0.541303371,50606.52329,12863.16667,604.5555556,10049.23333,1519.733333,60,378.5444444,3.411111111,229.9777778,17.71111111,6510,Mall,A,COLD,HOT,COLD,COLD,2000
1596,Greenwich,CT,06830,6/1/2000,6404455.125,20647,38647,22199586.93,14.37,25.41,14.93,22.52,12.92,9.85,5550,3318,12572,25.89,15.48,58.64,6828637.095,9417,28641,5866590.96,7215,2202,0,0,0,0,0,2.762,41.27,0.485865578,0.514134422,0.5499,0.4501,123437.4713,20291.4,5635.5,11179.5,1791.5,29.7,1282.2,4.1,311.1,57.8,9332,Street,Metro Area Street,COLD,HOT,COLD,COLD,2000
1598,Pittsburgh,PA,15237,9/14/2000,2608724.565,13075,20748,9355150.44,8.43,18.12,14.14,29.03,17.26,13.02,4877,2495,6110,36.17,18.51,45.32,12878700.39,22713,66780,7949772.12,1639,7790,4135,1900,999,599,5651,2.315882353,43.47487685,0.488914979,0.511085021,0.499882353,0.500117647,52866.63628,9122.980583,159.8349515,7654.038835,849.9271845,6.67961165,238.7669903,1.839805825,197.2864078,14.60679612,6775,Mall,A,COLD,HOT,COLD,COLD,2000
1601,Milwaukee,WI,53226,10/26/2000,2726083.785,12925,21961,8483958.93,7.39,17.89,14.16,29.45,17.54,13.57,5030,2570,5767,37.63,19.23,43.14,13558732.61,24320,68003,8527474.23,2382,5155,2427,1195,936,451,11774,2.475108696,40.44086022,0.498866018,0.501133982,0.500516129,0.499483871,62995.78736,18883.67742,2019.763441,12776.73118,2994.602151,66.52688172,615.5591398,3.397849462,388.6989247,18.39784946,7991,Mall,B+,COLD,HOT,COLD,COLD,2000
1602,Arlington,VA,22202,4/1/2000,3865778.085,19689,28042,12991237.62,7.39,19.33,14.62,27.33,15.98,15.35,8129,3377,8890,39.86,16.56,43.59,10344182.28,15757,49359,6465979.695,10251,3507,545,341,189,87,837,2.668695652,38.12173913,0.499590226,0.500409774,0.479,0.521,89293.02358,20207.06522,3118.086957,7557.5,7310.608696,52.41304348,1452.152174,12.02173913,635.9565217,68.32608696,6018,Mall,A,COLD,HOT,COLD,COLD,2000
1606,Kansas City,MO,64112,4/26/2001,2349340.17,11881,17586,7103781.045,7.06,16.83,14.69,28.01,16.68,16.73,5064,2112,5093,41.27,17.21,41.51,4871253.885,9057,25233,3253732.965,4874,606,1008,885,232,187,1265,2.734361702,37.70638298,0.500883276,0.499116724,0.470904255,0.529095745,55939.92593,12522.38776,1364.377551,8456.642857,1974.244898,39.23469388,296.4183673,19.91836735,345.3469388,26.20408163,7130,Lifestyle,Urban Specialty,COLD,HOT,COLD,COLD,2001
1607,Brinton Lake,PA,19342,3/23/2001,2901125.13,11686,21018,8572540.605,8.75,21.03,16.53,29.15,14.41,10.12,3642,2354,6133,30.03,19.41,50.56,11005676.06,20844,63028,6695377.035,1764,6296,5437,2810,851,331,3355,2.685,37.57702703,0.478807983,0.521192017,0.485358974,0.514641026,78740.5403,15028.67949,1252.705128,10208.71795,2540.115385,23.46153846,670.525641,2.012820513,308.0769231,23.06410256,7828,Lifestyle,Suburban Specialty,COLD,HOT,COLD,COLD,2001
1609,Los Angeles,CA,90036,4/22/2002,5395721.415,26596,36857,15558888.2,7.04,14.53,10.6,21.11,18.48,28.22,13629,3363,10377,49.8,12.29,37.92,2987132.205,5044,13002,2676631.185,5041,3,0,0,0,0,0,2.584285714,35.43714286,0.516491919,0.483508081,0.314657143,0.685342857,39683.03219,36230.10526,19167.36842,7255.157895,4477,48.60526316,4414.210526,65.23684211,654.6578947,147.8684211,10281,Lifestyle,Hybrid,COLD,HOT,COLD,COLD,2002
1610,San Jose,CA,95050,3/16/2001,4115054.88,24019,32722,9797893.02,4.32,11.97,10.57,23.99,21.98,27.17,13324,3293,7915,54.31,13.42,32.26,15782533.79,31180,84620,11020138.53,8640,11683,1250,389,1651,684,6883,2.884461538,39.03846154,0.504019426,0.495980574,0.518338462,0.481661538,88966.13025,30878.90769,7641,10639.70769,723.5230769,54.2,10607.78462,110.2615385,1031.076923,71.35384615,8094,Mall,Top Tier,COLD,HOT,COLD,COLD,2001
1613,Woodcliff Lake,NJ,07677,11/8/2001,3054122.655,11491,21942,10895110.01,12.19,24.73,16.51,26.6,12.02,7.94,2728,1947,7220,22.93,16.37,60.7,3728715.885,6168,18366,2959384.62,3853,1660,475,65,106,9,0,2.843478261,44.76086957,0.486536743,0.513463257,0.597565217,0.402434783,108215.4977,10221.56522,861.1304348,8004.73913,188.7826087,15.26086957,1008.73913,2.304347826,130.4782609,10.13043478,7429,Lifestyle,Suburban Specialty,COLD,HOT,COLD,COLD,2001
1614,Tampa,FL,33607,9/14/2001,3611861.745,17984,27951,8628007.665,5.11,13.98,12,26.59,22.14,20.18,8481,2968,7032,45.89,16.06,38.05,9804187.95,18649,50580,6262672.695,3285,2012,3334,3574,968,251,5225,2.504188034,43.56386555,0.489522199,0.510477801,0.469689076,0.530310924,52815.83075,22630.15966,4248.142857,14299.52941,2668.932773,47.3697479,791.907563,14.58823529,487.4453782,72.24369748,7134,Mall,A,HOT,HOT,HOT,HOT,2001
1615,New Haven,CT,06511,1/24/2002,2603383.455,12439,19741,5851661.76,4.92,14.62,12.97,28.13,20.64,18.72,5729,1992,5115,44.63,15.52,39.85,5036499.42,10026,27468,3703093.095,2786,2392,2482,1396,581,369,20,2.56755102,43.68979592,0.486858403,0.513141597,0.508244898,0.491755102,78524.4606,17350.30612,2263.081633,12244.5102,1761.265306,19.02040816,699.3877551,2.326530612,324.9795918,35.73469388,6351,Street,College Towns,COLD,HOT,COLD,COLD,2002
1617,Chicago,IL,60622,9/19/2002,3914232.66,17160,26268,14952453.35,10.65,23.82,17.12,27.21,12.77,8.43,5227,3177,9437,29.3,17.81,52.9,8108700.135,12623,35740,5794545.27,11161,1445,17,0,0,0,0,2.771,36.428,0.480581713,0.519418287,0.37004,0.62996,53017.19747,38928.72,14322.62,9019.44,13938.18,33.04,1065.5,3.4,477.92,68.62,11836,Street,Metro Area Street,COLD,HOT,COLD,COLD,2002
1619,Lexington,KY,40503,11/9/2000,2067319.95,9079,16257,4798033.725,5.77,14.57,13.73,31.42,18.58,15.92,3817,1711,3880,40.57,18.19,41.24,3868658.355,7550,20838,2635815.84,2974,1031,320,410,422,211,2182,2.416666667,37.01515152,0.508099778,0.491900222,0.448363636,0.551636364,53962.85916,19682.79412,1002.647059,15823.26471,1870.911765,39.05882353,430.1764706,6.264705882,469.8823529,40.58823529,7615,Mall,A,COLD,HOT,COLD,COLD,2000
1624,Columbia,MD,21044,9/27/2001,2361300.99,12651,20133,7148149.575,6.11,16.74,13.59,29.61,18.59,15.36,5391,2181,5425,41.48,16.78,41.74,4891907.325,9131,27361,3047460.33,3098,3233,1240,779,194,177,410,2.848723404,40.86382979,0.486920152,0.513079848,0.568212766,0.431787234,111074.9041,15225.45833,1182.020833,8523.6875,3225.666667,29.9375,1717.5,2.4375,496.9583333,47.25,5784,Mall,Top Tier,COLD,HOT,COLD,COLD,2001
1625,Willow Grove,PA,19090,5/3/2001,1520914.785,8455,12750,4685791.095,6.23,16.74,14.15,30.13,18.09,14.66,3561,1443,3663,41.09,16.65,42.26,7504449.93,13693,39104,5021478.51,3217,5421,3056,722,106,87,1084,2.62358209,43.44852941,0.493831891,0.506168109,0.533565217,0.466434783,79480.99468,16432.27143,974.7285714,11932.25714,2124.271429,21.72857143,1037.157143,1.685714286,301.0428571,39.4,6398,Mall,B,COLD,HOT,COLD,COLD,2001
1626,Murray,UT,84107,5/3/2001,2601769.62,13129,23084,9483235.23,7.99,17.04,13.35,27.56,18.58,15.48,5248,2440,6050,38.2,17.76,44.04,6743934.87,11342,33614,3921807.945,2606,2770,1205,1114,1022,1123,1502,3.207179487,32.43333333,0.502516538,0.497483462,0.578179487,0.421820513,70075.15935,32604.79487,4541.666667,25486.15385,384.8974359,150.1025641,916.8461538,365.8974359,691.1282051,68.1025641,6079,Mall,B+,COLD,HOT,COLD,COLD,2001
1628,Sherman Oaks,CA,91423,9/28/2001,2325831.51,12412,19261,6849970.425,6.43,15.62,12.76,24.52,21.02,19.65,5555,1914,5294,43.52,15,41.48,7902919.335,14903,40254,6277229.235,7662,3459,1881,1149,677,17,58,2.935,38.14166667,0.494137184,0.505862816,0.462083333,0.537916667,70157.11271,38622.97917,17066.16667,14806.95833,1497.5,71.91666667,4082.916667,35.5625,936.7708333,125.1875,6111,Mall,B,COLD,HOT,COLD,COLD,2001
1629,Tulsa,OK,74133,8/23/2001,1781900.13,7405,12270,3398971.17,4.71,13.55,13.16,31.18,20.26,17.15,3560,1323,2786,46.42,17.25,36.33,5915556.135,11183,29765,3773341.425,1974,2346,311,289,132,59,6072,2.5505,37.015,0.501324766,0.498675234,0.491533333,0.508466667,48356.88949,14262.18033,1456.327869,9329.934426,1184.344262,834.5245902,351.3934426,10.62295082,1073.377049,21.6557377,6249,Mall,B+,COLD,HOT,COLD,COLD,2001
1631,Short Pump,VA,23233,9/4/2003,3150112.35,14697,23707,8134522.425,6.12,16.23,14.24,29.77,17.23,16.41,6311,2869,6105,41.29,18.77,39.94,14450138.94,27510,76066,9364340.295,2098,4043,3891,1071,343,319,15745,2.56,40.47413793,0.492677064,0.507322936,0.489431034,0.510568966,69103.09728,18496.77966,1102.491525,10988.20339,5076.542373,39.57627119,758.2033898,5.033898305,477.3898305,49.33898305,6922,Mall,B+,COLD,HOT,COLD,COLD,2003
1634,Louisville,KY,40241,4/3/2003,2012004.3,7854,13939,4559381.655,6.16,17.71,14.63,31.02,16.99,13.49,3187,1512,3495,38.89,18.45,42.65,4963186.905,9539,25554,3270478.05,2117,3345,1060,412,181,68,2356,2.56255814,40.67058824,0.488912198,0.511087802,0.495034884,0.504965116,55084.94129,13852.73563,641.2758621,10498.54023,2061.241379,19.98850575,275.2298851,5.712643678,331.908046,18.83908046,6111,Lifestyle,Suburban Specialty,COLD,HOT,COLD,COLD,2003
1639,Oklahoma City,OK,73118,5/9/2002,2206042.89,9775,17030,5300330.88,5.96,15.16,13.62,29.74,19.49,16.03,4214,1846,4041,41.72,18.28,40.01,5300251.905,10052,26762,3519032.415,2145,2027,1857,613,735,117,2558,2.613835616,36.66164384,0.491463231,0.508536769,0.475178082,0.524821918,51016.09971,16158.36486,2214.621622,10210.77027,1765.702703,478.0540541,538.8108108,9.418918919,918.2297297,22.75675676,7128,Mall,A-,COLD,HOT,COLD,COLD,2002
1640,Seattle,WA,98105,6/17/2004,4989799.755,24887,37352,13530082.58,5.71,17.79,15.14,29.15,18.79,13.43,9598,4446,11646,37.36,17.31,45.33,19092879.42,37418,94289,14050983.71,19268,5615,3341,1537,653,666,6338,2.46097561,41.40487805,0.48746569,0.51253431,0.532512195,0.467487805,67511.37223,27818.85366,2368.512195,19693.02439,783.0243902,156.2439024,3206.536585,111.2682927,1453.853659,46.3902439,7511,Lifestyle,Urban Specialty,COLD,HOT,COLD,COLD,2004
1641,Charleston,SC,29401,7/4/2001,3214920.705,17304,24155,11525808.99,8.02,17.23,13.23,26.62,16.14,18.76,7214,3135,7707,39.95,17.36,42.68,7253130.675,13559,36046,4860564.9,3260,2583,1124,400,390,119,5683,2.5775,38.91176471,0.502775763,0.497224237,0.428911765,0.571088235,52039.18598,20100.94118,1107,12987.23529,5104.823529,55.26470588,334.9705882,10.61764706,462.5588235,38.47058824,7438,Street,High Profile Street,COLD,HOT,HOT,HOT,2001
1646,Princeton,NJ,08542,8/14/2002,3656361.015,14048,24604,10116547.83,8.62,19.96,14.27,27.35,14.71,15.09,5239,2454,6824,36.09,16.9,47.01,6716966.805,11635,34380,4701498.795,3330,3889,3303,958,124,2,29,2.736724138,41.57758621,0.489645331,0.510354669,0.546827586,0.453172414,91249.05188,14229.32759,1733.413793,8197.706897,1837.37931,12.79310345,2167.413793,3.310344828,237.4482759,39.86206897,6369,Lifestyle,Metro Area Street,COLD,HOT,COLD,COLD,2002
1647,Raleigh,NC,27713,3/8/2002,3492858.495,17427,26696,10486714.52,6.86,16.88,14.49,29.9,17.37,14.5,6954,3254,7905,38.39,17.96,43.64,9272782.725,18455,50229,6122205.915,1975,5735,1561,389,190,112,8493,2.474137931,39.54827586,0.485802262,0.514197738,0.4801,0.5199,55763.79994,19772.33333,2145.433333,10853.83333,4957.066667,59.86666667,1214.433333,6.866666667,492.6666667,42.16666667,6100,Mall,A,COLD,HOT,COLD,COLD,2002
1649,Rochester,NY,14564,8/23/2001,2064707.52,9738,16269,4790795.865,5.16,13.31,13.09,32.52,20.15,15.77,4349,1735,4034,42.98,17.15,39.87,7701761.28,15249,42536,4997180.565,767,1825,2153,1050,415,256,8783,2.43313253,41.49529412,0.497384588,0.502615412,0.477282353,0.522717647,52206.73712,11269.35294,824.3294118,8488.223529,1333.164706,18,348.5294118,4.164705882,233.4705882,19.47058824,6613,Mall,B+,COLD,HOT,COLD,COLD,2001
1654,Rockaway,NJ,07866,10/25/2001,1321792.665,6893,11085,3614685.63,5.95,14.44,13.27,28.85,22.62,14.87,3040,1090,2933,43.04,15.43,41.53,6568561.89,11714,34588,4352730.99,1427,3546,1813,792,262,127,3747,2.7046875,43.76060606,0.489432953,0.510567047,0.537462687,0.462537313,94390.76982,8544.313433,1030.283582,6491.432836,224.8955224,6.820895522,649.3283582,1.447761194,124.358209,15.74626866,7220,Mall,B+,COLD,HOT,COLD,COLD,2001
1657,St. Paul,MN,55116,12/1/2001,2486040.225,9895,17143,7218150.51,8.74,20.38,15.02,25.81,15.31,14.74,3475,1831,4931,33.95,17.89,48.17,5692690.755,9679,27579,3836645.82,4365,968,1038,320,221,84,2683,2.473823529,37.63142857,0.487890656,0.512109344,0.463611111,0.536388889,64592.38699,17553.08108,1431.405405,12734.83784,1764.27027,104.5135135,898.972973,8.513513514,575.8108108,34.75675676,6439,Street,Metro Area Street,COLD,HOT,COLD,COLD,2001
1663,Washington,DC,20015,8/1/2002,3284805.12,15471,23500,11875570.56,9.53,21.14,15.02,25.77,14.92,13.63,5503,2733,7764,34.39,17.08,48.53,8526030.195,11980,37186,5983489.245,10680,1196,104,0,0,0,0,2.805,37.96428571,0.490867221,0.50913278,0.467214286,0.532785714,93628.45277,32946.71429,8222.571429,12774.85714,8106.214286,48.78571429,2813.071429,20.85714286,849.7857143,110.5714286,9261,Mall,Suburban Specialty,COLD,HOT,COLD,COLD,2002
1674,West Des Moines,IA,50266,8/4/2004,2540354.01,10837,19900,5015193.66,4.9,13.83,12.61,28.55,21.92,18.2,4982,1776,4415,44.59,15.9,39.51,8996665.575,17604,46750,5892687.12,1719,1985,630,544,95,58,12573,2.566901408,38.84366197,0.49848835,0.50151165,0.572690141,0.427309859,63498.84737,8744.347222,621.4444444,7142.375,425.25,14.31944444,335.1666667,8.375,187.6111111,9.805555556,6609,Mall,A-,COLD,HOT,COLD,COLD,2004
1676,Jacksonville,FL,32246,3/18/2005,2551704.525,12018,19613,6005005.605,5.58,13.91,12.99,30.2,20.15,17.17,5527,2119,4796,44.42,17.03,38.55,7671364.815,14618,40958,4773063.69,1093,2963,2156,824,511,351,6720,2.633404255,38.23541667,0.506264083,0.493735917,0.455354167,0.544645833,54711.09873,26860.04167,2300.75,16481.5,6130.208333,42.5625,1095.541667,24.22916667,720.7916667,64.45833333,6045,Lifestyle,Hybrid,HOT,HOT,HOT,HOT,2005
1678,Westlake,OH,44145,4/15/2005,2354446.545,10414,17622,6413131.185,6.96,17,14.53,31.28,17.68,12.55,4053,1878,4772,37.87,17.55,44.59,3923276.76,6918,21140,2500747.56,2458,2604,1058,180,63,20,535,2.445277778,42.52777778,0.505249178,0.494750822,0.483162162,0.516837838,57799.09357,22012.72973,1889.864865,17433.35135,1630.72973,33.13513514,439.8648649,5.864864865,565.1891892,14.72972973,6311,Lifestyle,Suburban Specialty,COLD,HOT,COLD,COLD,2005
1682,Southlake,TX,76092,4/3/2006,2313689.325,9671,16571,5577578.505,6.64,16.85,14.37,27.9,18.33,15.9,4086,1658,4309,40.64,16.49,42.86,4466739.93,9561,25054,3185634.375,2653,4361,1728,342,73,15,389,2.744615385,35.96923077,0.493077403,0.506922597,0.527589744,0.472410256,73489.97803,28653.66667,5885.871795,16713.58974,2647.384615,96.71794872,2470.717949,77.97435897,701.3589744,60.05128205,4611,Lifestyle,Hybrid,COLD,HOT,COLD,COLD,2006
1683,E. Hampton,NY,11937,5/26/2005,4265520.3,13921,22961,13961580.77,13.4,22.66,14.42,22.63,15.86,11.03,4740,2092,7522,33.02,14.57,52.4,1871039.595,2990,8548,1480221.51,700,520,125,69,73,736,767,2.275652174,52.02608696,0.497147709,0.502852291,0.562173913,0.437826087,74560.46747,6889.73913,881.9565217,5149.782609,381.9130435,11.56521739,246.4347826,2.130434783,202.6086957,13.34782609,8285,Street,Small Town Main Streets,COLD,HOT,COLD,COLD,2005
1684,The Woodlands,TX,77380,2/28/2006,3086679.78,12568,21087,5836554.12,4.81,14.54,13.12,29.75,18.35,19.43,5801,2201,4945,44.81,17,38.19,5746252.305,11593,30474,3973107.015,2285,2629,1622,1027,574,35,3421,2.901363636,36.275,0.49434201,0.50565799,0.549931818,0.450068182,67670.56146,31382.65909,8113.863636,16996.13636,4100.409091,63.95454545,1495.795455,40.22727273,510.8409091,61.43181818,5611,Lifestyle,Hybrid,HOT,HOT,HOT,HOT,2006
1686,Ft Lauderdale,FL,33304,4/11/2006,1558612.14,8614,12329,3627706.905,4.38,12.38,11.09,26.33,20.07,25.74,4455,1313,3038,50.59,14.91,34.5,2770540.98,5196,14347,1933825.155,2546,1207,831,612,0,0,0,2.616969697,42.13333333,0.500636417,0.499363583,0.421333333,0.578666667,57488.50522,33138.09091,8149.787879,12994.93939,10219.12121,40.45454545,967.3333333,15.48484848,609.5151515,141.4545455,4485,Mall,A-,HOT,HOT,HOT,HOT,2006
1687,Austin,TX,78746,6/20/2006,2602681.005,10903,18693,7934468.835,8.27,20.44,15.4,27.79,15.96,12.14,3923,2049,5358,34.62,18.08,47.29,8874862.02,15763,40892,6367930.86,7518,5513,1546,397,156,238,395,2.693157895,37.23589744,0.499684986,0.500315014,0.481128205,0.518871795,68597.00622,20447.97436,6928.512821,11134.87179,1007.230769,31.43589744,898.4358974,10.07692308,404.3589744,33.05128205,4015,Mall,A,COLD,HOT,HOT,HOT,2006
1688,Austin,TX,78759,3/9/2007,3536865.555,17969,25486,9583367.295,5.81,15.45,13.58,29.43,18.6,17.14,8195,3290,7127,44.03,17.68,38.29,5380778.91,11353,29224,3594199.56,3952,3872,1238,449,342,56,1444,2.770645161,36.48709677,0.500995963,0.499004037,0.501225806,0.498774194,61978.93932,32151.32258,9653.322581,16642.93548,2735.903226,61.83870968,2190.064516,11.03225806,786.483871,69.74193548,5450,Lifestyle,Hybrid,COLD,HOT,HOT,HOT,2007
1689,Orlando,FL,32839,4/4/2006,2621420.265,13795,20050,6720965.775,5.23,13.62,11.21,26.91,19.46,23.57,6995,2202,4984,49.33,15.53,35.15,7818201.06,15125,41897,4852173.3,915,3900,2812,1779,810,314,4595,2.855128205,38.27088608,0.505614897,0.494385103,0.4643,0.5357,56341.03919,28764.7625,8843.9375,13312.275,4502.625,42.9125,1236.425,17.3875,633.4125,175.7875,5617,Mall,A,HOT,HOT,HOT,HOT,2006
1691,Estero,FL,33928,1/23/2007,1308637.83,7061,10219,4291683.99,6.9,14.84,12.36,27.9,19.77,18.22,3069,1186,2977,42.44,16.4,41.16,3146466.09,6282,16901,2190855.51,493,1015,2072,1161,474,131,936,2.666041667,48.0755102,0.488541927,0.511458073,0.510285714,0.489714286,56468.82134,20823.22449,4762.959184,13804.89796,1651.326531,35.44897959,299.4897959,2.959183673,226.0204082,40.12244898,4507,Mall,Hybrid,HOT,HOT,HOT,HOT,2007
1694,Walnut Creek,CA,94596,10/3/2006,3883610.145,17968,29505,10883808.69,7.12,18.31,13.66,24.72,18.37,17.82,7358,2959,8238,39.66,15.95,44.4,9500663.175,17076,47980,6962057.325,4701,3959,2952,2729,1195,392,1148,2.7798,41.03921569,0.490274495,0.509725505,0.531705882,0.468294118,91559.5092,27632.38462,5978.25,12722.25,2261.192308,68.84615385,5017.134615,175.3653846,1341.288462,68.05769231,6611,Lifestyle,A,COLD,HOT,COLD,COLD,2006
1701,New York,NY,10019,2/5/2004,13418285.64,56820,88027,42529251.12,9.37,19.3,13.39,22.75,14.87,20.33,23680,8690,26467,40.25,14.77,44.98,4610094.015,6670,20095,3541241.895,6458,212,0,0,0,0,0,2.324,38.09,0.500438346,0.499561655,0.4157,0.5843,65957.30858,38306.3,18249.1,14250.7,1194.5,38.2,3902.7,12.8,485.3,173,11032,Mall,Urban Specialty,COLD,HOT,COLD,COLD,2004
1703,Towson,MD,21204,5/15/2007,2368674.375,11670,19009,7448671.26,7.33,18.58,14.86,29.52,16.76,12.94,4500,2028,5588,37.14,16.74,46.12,8410880.625,15374,44310,5413526.625,4698,2578,1233,1264,409,313,4879,2.665846154,41.8969697,0.490682932,0.509317068,0.531746269,0.468253731,80495.67986,14984.35294,588.4264706,9394.058824,3958.191176,19.19117647,675.2794118,2.117647059,312.7794118,34.30882353,4721,Mall,A,COLD,HOT,COLD,COLD,2007
1705,Thousand Oaks,CA,91360,5/22/2007,2352610.095,10594,17794,4459158.015,4.36,13.04,11.44,26.06,24.78,20.32,5187,1722,3964,47.71,15.84,36.46,7199732.73,13842,36239,5404152.45,1989,1987,1151,711,513,329,7162,3.3725,38.72758621,0.50867069,0.49132931,0.516689655,0.483310345,81635.21491,30883.86667,12467.16667,14763.66667,538.8,80.83333333,2162.333333,45.36666667,793.6,32.1,5120,Mall,A-,COLD,HOT,COLD,COLD,2007
1706,Sacramento,CA,95815,8/7/2007,2744882.67,13144,21855,5838933.06,4.71,13.4,10.78,23.13,23.92,24.06,7064,1790,4702,52.11,13.2,34.69,10282717.97,19934,54636,6853859.1,3654,3101,2757,2753,921,315,6433,2.802891566,38.28915663,0.494706936,0.505293064,0.480156627,0.519843373,66117.69787,25237.95181,5548.313253,12817.50602,1846.156627,88.72289157,3440.53012,208.7228916,1210.337349,77.6626506,5718,Mall,A,COLD,HOT,COLD,COLD,2007
1709,Shrewsbury,NJ,07702,11/20/2007,4397071.71,14691,29268,12703665.23,10.69,21.74,16.38,26.31,12.9,11.98,4591,2653,7986,30.14,17.42,52.44,9697753.92,16960,47574,7178647.65,4323,2845,3806,3099,1844,644,399,2.63,44.69848485,0.485192001,0.514807999,0.527272727,0.472727273,83065.44682,17120.60606,1869.924242,13220.27273,903.530303,9.181818182,844.2424242,4.46969697,238.0606061,30.92424242,7011,Lifestyle,Suburban Specialty,COLD,HOT,COLD,COLD,2007
1711,New Canaan,CT,06840,5/25/2007,3289496.625,10366,21210,12147473.52,15.86,27.66,15.35,21.45,10.18,9.51,2275,1539,6943,21.15,14.31,64.54,10042701.83,14397,46412,7536803.04,5425,4089,1620,1431,841,299,692,2.784166667,43.725,0.480838996,0.519161004,0.58625,0.41375,125478.6787,12972.27778,2084.333333,9317.777778,620.8888889,16.08333333,631.0833333,3.694444444,191.5,106.9166667,4779,Street,Metro Area Street,COLD,HOT,COLD,COLD,2007
1713,El Segundo,CA,90245,8/21/2007,2617160.16,12511,20123,7126430.16,6.27,18.17,13.41,25.36,19.25,17.53,5269,1945,5698,40.81,15.06,44.13,3668411.79,6641,17941,3074138.55,5569,992,80,0,0,0,0,3.019333333,35.84,0.473975061,0.526024939,0.385133333,0.614866667,61949.59071,40886,21194.13333,5631,11246.2,62.2,1583.2,68.73333333,964.6666667,135.8666667,4953,Lifestyle,Power Style,COLD,HOT,COLD,COLD,2007
1718,Bridgewater,NJ,08807,11/20/2007,2826466.845,14246,22424,11138691.14,9.21,19.38,14.84,28.55,15.37,12.66,5042,2414,7230,34.33,16.44,49.23,6278608.65,10788,32263,4221839.085,2030,3915,2646,625,260,201,1111,2.707962963,43.23454545,0.51184276,0.48815724,0.534963636,0.465036364,95522.41678,12415.64286,1921.839286,7236.589286,1137.696429,15.58928571,1887.267857,2.785714286,178.125,35.75,5439,Mall,A-,COLD,HOT,COLD,COLD,2007
1720,Burlington,MA,01803,10/23/2007,5665133.025,25933,42242,16852895.13,7.67,18.56,13.86,26.49,18.03,15.37,10152,4333,12385,37.78,16.13,46.09,8328378.45,14341,42278,6037569.915,4590,3150,2101,780,1049,665,2006,2.705538462,41.86615385,0.501262028,0.498737972,0.546169231,0.453830769,89491.07503,17640.83077,2250.769231,13017.47692,478.3076923,17.81538462,1496.892308,3.430769231,319.2615385,56.87692308,7202,Mall,A,COLD,HOT,COLD,COLD,2007
1722,Hingham,MA,02043,12/4/2007,3523529.325,13517,24790,11028371.27,10.01,21.77,14.65,24.62,15.61,13.34,4401,2190,7595,31.02,15.44,53.54,5509436.46,8785,27481,4569120.165,2700,3180,1497,1091,294,23,0,2.592222222,45.91666667,0.488891822,0.511108178,0.5515,0.4485,85967.91346,12892.72222,229.0555556,12120,136.9444444,5.888888889,158.9444444,3.777777778,184.5,53.61111111,5111,Lifestyle,Hybrid,COLD,HOT,COLD,COLD,2007
1723,Glendale,CA,91210,5/2/2008,5091578.58,26562,40352,12647591.09,5.21,15.12,11.54,24.5,20.33,23.3,13001,3671,10661,47.57,13.43,39,6582070.62,12242,32589,5442918.39,9531,2622,1,0,1,5,82,3.008611111,38.14871795,0.510145956,0.489854044,0.408102564,0.591897436,60487.36267,29892.48889,14515.95556,6539.577778,3083.8,72.42222222,4667.822222,225.2666667,731.6666667,55.97777778,6444,Lifestyle,Hybrid,COLD,HOT,COLD,COLD,2008
1725,Honolulu,HI,96814,3/7/2008,4625804.4,22640,34042,5431331.55,2,7.85,8.61,24.54,20.61,36.38,13121,3462,6270,57.41,15.15,27.44,3034224.015,6311,17569,2204736.345,2506,1169,768,305,51,103,1409,3.201034483,39.15666667,0.521327464,0.478672536,0.494166667,0.505833333,71047.63695,32811.93333,3138.566667,6059.733333,691.1333333,30.26666667,13789.8,2881.633333,6193.933333,26.86666667,6577,Mall,Top Tier,HOT,HOT,HOT,HOT,2008
1726,Little Rock,AR,72223,9/19/2011,1496882.655,6481,10726,2736294.9,4.11,14.38,13.31,31.71,19.52,16.96,3017,1217,2476,44.96,18.14,36.9,2886452.115,5990,14396,2044941.495,1173,1163,544,218,193,118,2581,2.541627907,39.32,0.496241537,0.503758463,0.476866667,0.523133333,48829.56578,14228.91304,768.8695652,9275.956522,3551.826087,33.30434783,247.5,7.739130435,313.326087,30.39130435,5714,Lifestyle,Suburban Specialty,COLD,HOT,COLD,COLD,2011
1728,Southampton,NY,11968,11/13/2007,2021738.16,7496,12667,8510673.87,15.45,22.97,14.91,21.96,14.51,10.19,2303,1114,4335,29.71,14.37,55.92,1745745.315,2992,8587,1365567.06,718,801,470,304,497,202,0,2.547941176,45.65714286,0.482215338,0.517784662,0.520888889,0.479111111,82478.67317,6421.916667,1047.944444,4703.944444,400.0833333,19.83333333,154.7777778,0,82.11111111,13.22222222,3700,Street,Small Town Main Streets,COLD,HOT,COLD,COLD,2007
1732,New York,NY,10075,10/9/2008,3613841.91,11227,18025,18178254.53,22.52,27.2,13.99,17.91,9.74,8.64,2581,1709,7451,21.98,14.56,63.46,15826179.89,22169,69856,11784622.2,20476,1693,0,0,0,0,0,NA,NA,NA,NA,NA,NA,NA,NA,NA,NA,NA,NA,NA,NA,NA,NA,3466,Street,Metro Area Street,COLD,HOT,COLD,COLD,2008
1733,St Louis,MO,63117,10/28/2008,2147841.78,11997,17797,7218026.385,6.94,17.19,13.36,28.81,18.25,15.45,5166,1940,5329,41.54,15.6,42.85,6356483.745,12232,33336,4240052.565,5713,1206,504,396,1043,154,3216,2.387078652,37.56404494,0.483834409,0.516165591,0.397382022,0.602617978,47964.02497,15842.24444,518.4555556,9341.111111,5209.611111,30.18888889,335.4,4.866666667,367.5333333,35.07777778,5230,Mall,A-,COLD,HOT,COLD,COLD,2008
1738,Roseville,MN,55113,9/30/2008,1894367.325,10529,15540,5508175.71,5.59,15.69,13.81,28.09,19.53,17.28,4625,1881,4352,42.6,17.32,40.08,5905166.82,11732,31583,4023817.11,2637,3130,1340,958,321,237,3109,NA,NA,NA,NA,NA,NA,NA,NA,NA,NA,NA,NA,NA,NA,NA,NA,NA,Mall,A-,COLD,HOT,COLD,COLD,2008
1739,Ridgeland,MS,39157,7/29/2008,1528228.215,6632,11672,2431221.945,3.63,12.38,12.89,32.87,19.3,18.93,3142,1210,2482,45.98,17.71,36.32,3087690.645,6835,16408,2146860.66,878,1226,362,120,34,22,4193,2.533333333,36.2625,0.47533447,0.52466553,0.3861875,0.6138125,44059.13601,14681,335.5,6943.647059,7075.411765,17.35294118,184.4705882,3.941176471,104.0294118,16.64705882,5747,Lifestyle,Suburban Specialty,COLD,HOT,HOT,HOT,2008
1740,Reston,VA,20190,9/8/2008,2162576.055,12088,17543,7231832.775,6.62,16.93,13.24,27.12,17.91,18.18,5256,2107,5129,42.07,16.87,41.06,8127160.23,13919,41066,5255944.245,4235,3921,2135,707,582,360,1979,2.948823529,41.21764706,0.50774829,0.492251711,0.604558824,0.395441176,113315.5739,17350.94118,2315.529412,9896.294118,1354.029412,37.23529412,3068.764706,8.794117647,594.4117647,75.88235294,6266,Lifestyle,Suburban Specialty,COLD,HOT,COLD,COLD,2008
1742,Miami,FL,33156,12/9/2008,2243031.45,11342,17886,5881536.375,5.86,16.33,12.61,26.09,16.84,22.27,5234,1499,4870,45.11,12.92,41.97,3230874.87,6005,17221,2349746.655,3213,2019,113,149,19,28,464,3.592916667,37.075,0.4952991,0.5047009,0.447,0.553,61516.31057,34139.20833,23806.83333,5336.25,3837.25,15.79166667,749.25,7.333333333,275.875,110.625,3894,Mall,Top Tier,HOT,HOT,HOT,HOT,2008
1744,Canton,CT,06019,9/30/2008,1501752.72,6049,11224,4404759.405,8.81,20.34,16.1,30.22,14.4,10.14,1806,1003,3446,28.87,16.04,55.09,9250170.78,16860,48441,6047760.84,1529,957,643,767,1179,993,10792,2.466986301,44.56986301,0.496921156,0.503078844,0.517486486,0.482513514,69798.77166,8416.805195,1287.779221,5892.571429,803.2207792,17.02597403,260.2337662,1.467532468,138.8701299,15.63636364,5582,Lifestyle,Power Style,COLD,HOT,COLD,COLD,2008
1746,Cherry Hill,NJ,08002,3/26/2009,3222709.44,15524,25459,9153404.61,6.5,17.67,15.13,29.81,16.82,14.07,6203,2920,6880,38.76,18.25,42.99,5713381.725,11106,31616,3841801.02,3420,2991,1526,515,108,90,2456,2.735507246,41.19710145,0.48954629,0.51045371,0.470842857,0.529157143,69197.29157,16669.45714,1882.5,10862.58571,2550.614286,12.91428571,883.9285714,3.628571429,413.9285714,59.35714286,5606,Mall,A,COLD,HOT,COLD,COLD,2009
1748,San Antonio,TX,78256,10/24/2008,3086751.54,12737,20635,5863038.96,4.93,14.06,12.58,29.08,18.82,20.54,6289,2229,4625,47.85,16.96,35.19,8310349.455,15519,41412,5550745.32,1421,2801,3633,788,424,263,6189,2.959876543,36.41829268,0.506017748,0.493982252,0.466686747,0.533313253,57275.82717,25715.6506,14227.68675,8554.036145,1729.506024,39.1686747,641.1084337,22.75903614,461.373494,40.01204819,6225,Lifestyle,A-,HOT,HOT,HOT,COLD,2008
1749,Fairfax,VA,22030,3/23/2010,2009164.53,10603,16989,6720557.91,7.06,18.34,14.19,30.04,16.94,13.42,4195,1963,4807,38.26,17.9,43.84,7379678.865,13607,41019,4646825.67,4840,3680,1551,1391,239,632,1274,3.018292683,38.57560976,0.504261356,0.495738644,0.573536585,0.426463415,107391.5353,26783.39535,4848.906977,13459.5814,3608.697674,47.95348837,3720.744186,21.93023256,1004.581395,71,5121,Mall,A,COLD,HOT,COLD,COLD,2010
1750,Miami,FL,33139,11/10/2009,2872641.645,14363,17889,6587610.93,5.21,12.62,10.46,21.49,15.72,34.5,8378,1793,4462,57.25,12.25,30.49,4302936.27,7259,19473,3391486.365,5133,583,0,0,0,0,1543,2.398235294,40.9,0.500728061,0.499271939,0.376235294,0.623764706,47709.10178,23345.55556,11981.77778,4380.222222,6387.833333,31.22222222,268.3333333,8,181.7222222,106.4444444,4611,Street,High Profile Street,HOT,HOT,HOT,HOT,2009
1755,Salt Lake City,UT,84101,3/22/2012,2439848.055,12828,19143,8449207.32,7.42,16.04,12.72,26.06,17.7,20.06,5708,2247,5382,42.8,16.85,40.35,9426022.665,15780,44413,5796747.285,3617,915,320,891,537,338,9162,2.923076923,30.88518519,0.521610633,0.478389367,0.510518519,0.489481481,57429.72426,20904.82143,3300.464286,15672.28571,354.7857143,133.8214286,674.25,249.0357143,492.3928571,27.78571429,5540,Lifestyle,B,COLD,HOT,COLD,COLD,2012
1756,Leawood,KS,66209,5/19/2009,2753062.845,11395,20252,7689993.255,7.82,19.47,15.79,30.21,15.85,10.88,3987,2158,5707,33.64,18.21,48.15,5262517.74,10716,28389,3591986.07,3913,1838,1048,232,88,40,3557,2.554,39.69607843,0.497384894,0.502615106,0.550647059,0.449352941,73816.5278,13972.13462,907.0961538,10962.44231,1171.211538,48.63461538,517.5961538,13.26923077,333.8846154,18,5896,Lifestyle,Hybrid,COLD,HOT,COLD,COLD,2009
1757,New York,NY,10013,5/12/2009,5858605.05,27898,33878,14215253.19,5.35,17.07,14.66,24.87,18.27,19.79,13580,4057,10939,47.52,14.2,38.28,4072886.13,6491,16995,3382681.59,6491,0,0,0,0,0,0,2.135,36.475,0.497079126,0.502920874,0.37575,0.62425,76559.00498,37237.6,6708,17269.6,1516.2,89.2,10581.8,5.4,977,90.4,3517,Street,High Profile Street,COLD,HOT,COLD,COLD,2009
1759,Emeryville,CA,94608,3/17/2009,2187747.18,12519,17156,5805563.955,4.9,14.86,11.96,25.81,21.76,20.71,6325,2006,4533,49.17,15.59,35.24,9402528.09,17484,46655,7213722.795,12104,4098,1261,21,0,0,0,2.699756098,37.65853659,0.475080837,0.524919163,0.413804878,0.586195122,68298.16009,27205.31707,7075.04878,8603.170732,4290.97561,82.07317073,5600.658537,148.1707317,1294.365854,110.8536585,5699,Lifestyle,Urban Specialty,COLD,HOT,COLD,COLD,2009
1764,New York,NY,10075,8/24/2010,4437219.87,12381,17871,13186687.97,13.67,23.81,14.86,22.06,15.29,10.31,4315,1871,6621,33.69,14.61,51.7,21255938.46,32200,98479,15876264.23,27244,4933,23,0,0,0,0,2.57375,38.825,0.483820033,0.516179967,0.454,0.546,60858.66528,44970.84,14460.64,14712.16,2060.48,73.24,12693.52,19.56,791.28,159.96,3511,Street,Metro Area Street,COLD,HOT,COLD,COLD,2010
1765,Boston,MA,02116,9/21/2010,2318240.955,4821,6419,3678922.665,8.6,24.74,15.64,21.91,16.36,12.76,1950,753,2273,39.19,15.13,45.68,6691270.29,11341,32213,5586382.08,11319,22,0,0,0,0,0,NA,NA,NA,NA,NA,NA,NA,NA,NA,NA,NA,NA,NA,NA,NA,NA,1670,Mall,0,COLD,HOT,COLD,COLD,2010
1767,Manhasset,NY,11030,6/20/2012,6768711.24,19825,39287,19968900.24,13.22,25.05,15.11,22.43,11.76,12.43,6088,3077,11312,29.73,15.03,55.24,9452261.19,14982,46571,7056904.92,7901,7075,6,0,0,0,0,2.7875,44.98484848,0.472225379,0.527774621,0.524030303,0.475969697,98252.17365,18020.5,3310.529412,8152.764706,1582.470588,30.38235294,4461.588235,2,315.1176471,165.6470588,13249,Lifestyle,Suburban Specialty,COLD,HOT,COLD,COLD,2012
1768,Phoenix,AZ,85016,8/16/2011,1659322.245,7516,11629,4967905.065,7.29,19.81,14.13,26.94,16.39,15.44,2919,1352,3534,37.4,17.32,45.28,11814264.66,24406,63583,8227005.405,3895,3856,4199,3098,2589,975,5794,2.833552632,37.41688312,0.49942262,0.50057738,0.460194805,0.539805195,57979.64834,32038.03896,11963.48052,15731.31169,1972.61039,437.1038961,1118.779221,56.23376623,715.8701299,42.64935065,3704,Lifestyle,B+,HOT,HOT,HOT,HOT,2011
1769,Dedham,MA,02026,8/9/2011,3495021.9,14809,24666,12386534.67,10.47,22.73,15.01,24.78,14.98,12.02,4850,2388,8251,31.31,15.42,53.27,3663252.6,6391,18703,3041550.975,3241,1969,1042,139,0,0,0,2.753939394,41.78787879,0.49375374,0.50624626,0.565393939,0.434606061,95907.49217,16926.84848,1333.060606,12498.66667,1862.636364,10.03030303,825.1212121,0.181818182,306.9090909,90.24242424,6111,Lifestyle,Hybrid,COLD,HOT,COLD,COLD,2011
1773,New York,NY,10019,11/8/2011,6995004.36,30635,40925,17741625.84,6.62,18.62,14.32,23.2,18.23,19,13942,4397,13037,44.44,14.01,41.55,4739266.8,6793,20279,3640340.19,6598,195,0,0,0,0,0,NA,NA,NA,NA,NA,NA,NA,NA,NA,NA,NA,NA,NA,NA,NA,NA,3854,Mall,High Profile Street,COLD,HOT,COLD,COLD,2011
1775,Fort Worth,TX,76107,9/6/2011,3013509.87,10835,20816,7092152.37,7.69,18.88,14.83,27.62,15.76,15.21,4182,1772,5333,37.05,15.7,47.25,5327901.945,10414,27912,4022474.79,3475,1367,1526,942,286,267,2551,2.9045,35.11833333,0.49579827,0.50420173,0.475868852,0.524131148,55528.52151,26264.72131,7482.065574,13256.19672,3871.836066,77.85245902,968.704918,24.36065574,545.557377,38.14754098,6757,Lifestyle,Suburban Specialty,COLD,HOT,COLD,COLD,2011
1776,New Orleans,LA,70130,2/14/2012,2007798.975,12962,15884,6028085.07,5.28,14.08,11.01,23.08,18.29,28.25,6750,2002,4525,50.84,15.08,34.08,6245841.24,11877,31426,4147566.75,4645,654,62,9,22,117,6368,2.604333333,36.6,0.49268844,0.50731156,0.355766667,0.644233333,41336.33124,19230.15625,1437.25,6700.25,9980.46875,46.78125,694.875,6.375,312.21875,51.9375,5895,Mall,Urban Specialty,HOT,HOT,HOT,HOT,2012
1777,Los Angeles,CA,90036,11/21/2012,5721930.09,24101,31327,9885476.19,4.27,12.65,10.83,21.4,23.14,27.7,13954,2713,7950,56.68,11.02,32.29,6462622.905,12188,32846,5232398.445,9774,2309,105,0,0,0,0,2.584285714,35.43714286,0.516491919,0.483508081,0.314657143,0.685342857,39683.03219,36230.10526,19167.36842,7255.157895,4477,48.60526316,4414.210526,65.23684211,654.6578947,147.8684211,3924,Lifestyle,Hybrid,COLD,HOT,COLD,COLD,2012
1779,Houston,TX,77024,5/1/2012,2512843.56,12600,18497,6746667.18,5.83,16.28,13.92,26.35,17.65,19.96,5866,2098,5014,45.2,16.17,38.63,6882812.52,13543,37056,4572668.76,4367,2103,3968,2354,248,36,467,2.996666667,34.51538462,0.495644189,0.504355811,0.515358974,0.484641026,66951.42463,49217.20513,18097.71795,15207.15385,8428.102564,92.64102564,6499.948718,13.02564103,754.1025641,124.5128205,5238,Lifestyle,Urban Specialty,COLD,HOT,HOT,HOT,2012
1780,Baltimore,MD,21202,7/25/2012,3642571.14,16374,24299,8623132.35,6.07,16.2,13.31,27.59,15.83,20.99,7544,2601,6764,44.62,15.38,40,6370830.42,12195,32739,4404379.395,5449,967,1076,997,1685,408,1613,2.551914894,38.85416667,0.486965445,0.513034555,0.416479167,0.583520833,62977.03619,24440.2449,1521.204082,12775.38776,8644.469388,60.55102041,771.1836735,16.75510204,583.1428571,67.55102041,7299,Street,Urban Specialty,COLD,HOT,COLD,COLD,2012
1781,Akron,OH,44333,7/25/2012,1456372.815,6572,11591,3987535.815,6.7,16.75,13.88,30.53,20.45,11.7,2571,1153,3011,38.17,17.12,44.71,3893801.655,6897,20943,2373861.555,1290,1075,2139,527,688,264,914,2.435822785,40.96455696,0.490261214,0.509738786,0.4706375,0.5293625,52116.48678,14709.54321,283.308642,12426.30864,1302.777778,21.17283951,288.9876543,2.518518519,366.5802469,17.88888889,5324,Mall,B,COLD,HOT,COLD,COLD,2012
1782,Coral Gables,FL,33146,2/6/2013,4572591.675,16800,30534,11206646.52,7.91,19.93,14.58,24.99,14.83,17.76,6350,2370,8559,36.75,13.72,49.53,3111957.315,5178,15869,2312912.01,2376,2450,352,0,0,0,0,3.165217391,41.23913043,0.488747728,0.511252272,0.428434783,0.571565217,45841.27345,39008.04348,34319.69565,3327.565217,757.9565217,19.82608696,441.7826087,6.608695652,111.5652174,23.04347826,5124,Lifestyle,A,HOT,HOT,HOT,HOT,2013
1783,Chestnut Hill,MA,02467,11/21/2012,6160902.39,24914,42027,20483903.61,10.14,21.07,14.48,25.13,16.18,13,8410,4125,13354,32.48,15.93,51.58,8154671.49,13184,38746,6723223.065,12113,1071,0,0,0,0,0,2.603939394,39.80909091,0.468896103,0.531103897,0.548030303,0.451969697,105369.0045,19317.09091,1755.939394,13898.0303,726.4848485,26.12121212,2280.121212,5.242424242,502.969697,122.1818182,7741,Mall,A,COLD,HOT,COLD,COLD,2012
1784,Washington,DC,20004,8/1/2012,3164054.64,15587,22533,13093880.85,9.99,24.98,17.23,25.14,12.01,10.65,4806,2871,8542,29.63,17.7,52.67,7607034.345,11805,35699,5110342.065,9298,633,724,450,235,281,184,2.48125,36.17948718,0.52751554,0.47248446,0.357051282,0.642948718,75484.18476,11302.68333,705.15,2836.9,7139.9,18.93333333,318.3166667,2.433333333,242.6166667,38.43333333,8736,Street,Metro Area Street,COLD,HOT,COLD,COLD,2012
1785,Costa Mesa,CA,92626,8/22/2012,3683958.705,16051,22469,6925236.465,4.69,13.86,11.17,22.12,20.58,27.58,9187,1986,5329,55.67,12.03,32.29,7332212.745,13840,39790,5157928.89,3270,5717,2866,1249,544,148,46,3.068,38.94285714,0.49545589,0.50454411,0.498242857,0.501757143,78747.11234,38821.82857,15062.07143,13561.57143,701.6857143,80.58571429,8272.942857,111.8571429,968.9571429,62.15714286,3557,Mall,Top Tier,COLD,HOT,COLD,COLD,2012
1786,Mishawaka,IN,46545,8/1/2012,1439051.535,6404,11261,2934436.68,4.75,13.72,12.62,32.65,19.76,16.5,2998,997,2574,45.64,15.18,39.18,3118766.97,6389,16890,2081061.975,1356,551,264,324,282,522,3090,2.598852459,40.15409836,0.494107549,0.505892451,0.530393443,0.469606557,48737.47744,10787.04918,1075.786885,8351.672131,872.6065574,34.57377049,158.9016393,6.131147541,269.3114754,18.06557377,5311,Mall,B,COLD,HOT,COLD,COLD,2012
1788,Hanover,NH,03755,2/1/2013,2494974.15,9302,16350,5308365.78,6.51,15.99,13.97,26.7,19.08,17.74,4003,1512,4218,41.13,15.53,43.34,6801313.95,12903,34286,4433698.365,1024,361,330,172,220,213,10583,2.374567901,46.52469136,0.495338252,0.504661748,0.545283951,0.454716049,58015.08882,1933.246914,33.96296296,1800.716049,17.19753086,6.185185185,42.64197531,0.87654321,30.38271605,1.283950617,5599,Street,College Towns,COLD,HOT,COLD,COLD,2013
1789,New York,NY,10013,2/29/2012,2222575.245,3639,4598,3703433.07,13.14,30.24,17.05,19.98,12.02,7.56,1112,678,1953,29.71,18.11,52.18,3463486.41,4295,12864,2910859.305,4295,0,0,0,0,0,0,2.135,36.475,0.497079126,0.502920874,0.37575,0.62425,76559.00498,37237.6,6708,17269.6,1516.2,89.2,10581.8,5.4,977,90.4,2211,Street,Metro Area Street,COLD,HOT,COLD,COLD,2011
1790,Albuquerque,NM,87110,10/24/2012,1669818.39,7198,12040,3087798.15,4.23,14.63,12.85,30.02,19.69,18.58,3365,1293,2733,45.53,17.49,36.98,4449803.28,8403,23384,2998163.475,1527,1366,360,138,47,13,4952,2.5521875,41.18787879,0.499292925,0.500707075,0.464878788,0.535121212,53609.98833,26111.84848,12688.09091,10652.33333,603.3939394,1046.969697,544.6060606,15.6969697,492.3636364,68.39393939,4786,Lifestyle,Suburban Specialty,COLD,HOT,COLD,COLD,2012
1791,Boston,MA,02116,9/18/2012,2752300.17,14178,18776,7918217.1,6.1,17.45,13.92,25.13,20.07,17.33,6625,2034,5906,45.49,13.96,40.55,5710440.39,9798,27130,4551201.87,8895,903,0,0,0,0,0,2.23,33.3974359,0.504885485,0.495114515,0.328525,0.671475,58072.58528,24314.325,4382.925,12524.35,3670.675,39.725,2838.45,3.575,643.425,211.2,2211,Mall,Downtown Mall,COLD,HOT,COLD,COLD,2012
1792,San Diego,CA,92122,11/15/2012,3552987.765,19018,28289,9611965.095,5.73,14.94,11.79,24.27,20.26,23.01,9255,3063,7226,47.35,15.67,36.97,9244138.965,18509,49455,6558368.685,3690,7464,4298,1155,1375,102,425,2.93220339,34.81904762,0.536613529,0.463386471,0.440285714,0.559714286,72403.09276,37288.32813,12581.26563,16140.17188,2081.9375,102.3125,4852.46875,161.90625,1285.3125,82.953125,6434,Lifestyle,A,COLD,HOT,COLD,COLD,2012
1793,Houston,TX,77027,4/17/2013,7022999.955,22798,41032,17772874.8,9.12,23.4,16.77,26.04,13.49,11.17,7370,4105,12150,31.2,17.38,51.43,9328139.745,15255,41319,6850403.4,9510,3074,285,539,716,579,552,2.855443038,33.86455696,0.500824036,0.499175964,0.440518987,0.559481013,55311.61602,28179.5625,12487.1375,8522.1625,5337.5875,50.75,1371.8625,7.675,356.0625,46.325,8537,Lifestyle,Suburban Specialty,HOT,HOT,HOT,HOT,2013
1794,McLean,VA,22102,5/1/2013,2423247.765,10802,14964,7578405.885,8.02,19.99,16.11,27.17,15.13,13.58,4148,1899,5099,37.22,17.04,45.75,2607620.55,3717,12039,1693823.295,3538,179,0,0,0,0,0,2.834444444,39.91111111,0.504385755,0.495614245,0.591888889,0.408111111,133845.9733,20994.55556,2623,12613.44444,754.4444444,14,4071.666667,11.33333333,842.4444444,64.22222222,2095,Mall,A,COLD,HOT,COLD,COLD,2013
1796,Nanuet,NY,10954,10/10/2013,1758967.395,8388,13823,5442799.635,7.35,17.93,15.25,31.48,16.33,11.66,2985,1444,4214,34.54,16.71,48.76,6002213.85,11836,32030,4284079.485,3052,1900,982,1218,874,806,3004,2.8659375,42,0.487947125,0.512052875,0.515892308,0.484107692,85305.66989,10358.15152,1880.575758,6805.075758,975.1666667,19.51515152,457.3939394,2.212121212,183.1212121,35.09090909,5544,Mall,B,COLD,HOT,COLD,COLD,2013
1800,Dallas,TX,75225,10/8/2013,3202113.135,14718,20096,6520303.86,4.62,14.61,13.98,29.76,18.49,18.55,7142,2270,5792,46.97,14.93,38.1,4105838.01,7182,19054,2909021.43,3817,1809,497,287,101,34,637,2.625384615,35.66153846,0.497132766,0.502867234,0.525769231,0.474230769,74035.19177,32435.61538,10580,15309.38462,3732.230769,51.61538462,2087.153846,24.76923077,569,81.46153846,2886,Mall,Top Tier,COLD,HOT,HOT,COLD,2013
1804,Lynnfield,MA,01940,11/6/2013,2844027.255,12299,20842,9642221.325,9.73,21.75,15,25.07,15.71,12.74,4109,2008,6713,32.03,15.65,52.32,3461858.79,6293,18213,2795736.165,3352,1193,1271,269,134,47,27,NA,NA,NA,NA,NA,NA,NA,NA,NA,NA,NA,NA,NA,NA,NA,NA,5497,Lifestyle,Hybrid,COLD,HOT,COLD,COLD,2013
1805,Cranston,RI,02920,11/13/2013,2785169.715,10765,19323,7697514.465,7.98,21.09,15.78,28.05,15.14,11.96,3551,1833,5749,31.9,16.46,51.64,5132074.32,8918,26481,3479398.965,1496,2057,926,1577,1506,747,609,2.52,44.0137931,0.498177068,0.501822932,0.515672414,0.484327586,68381.79702,9687.5,525.637931,8484.034483,198.7586207,21.77586207,236.2758621,3.637931034,198.1551724,19.22413793,5944,Lifestyle,Suburban Specialty,COLD,HOT,COLD,COLD,2013
1811,Columbia,SC,29206,10/22/2014,1979133.195,7592,14201,4028257.77,5.55,16.88,15.99,30.87,16.24,14.47,3021,1332,3479,38.57,17.01,44.42,4541051.43,8811,24383,2942345.355,2179,672,987,612,312,192,3857,2.6555,38.20952381,0.486488295,0.513511705,0.425619048,0.574380952,46419.34369,17769.02326,909.0465116,9980.627907,6023.651163,31.02325581,374.7674419,14.55813953,396.5813953,38.76744186,6112,Lifestyle,Metro Neighborhood Strip,COLD,HOT,HOT,HOT,2014
1812,Dallas,TX,75204,8/26/2014,2349535.41,10360,15814,6457701.12,6.82,19.75,15.91,26.62,15.3,15.59,4170,1762,4870,38.6,16.31,45.08,6738160.44,12132,31802,5046476.175,8190,1176,541,465,273,226,1261,2.843333333,33.46666667,0.506642769,0.493357231,0.411421053,0.588578947,48257.20448,28498.98305,12222.40678,7432.118644,7633.186441,45.42372881,730.6271186,7.06779661,391.2372881,36.91525424,6741,Lifestyle,Urban Specialty,COLD,HOT,HOT,HOT,2014
1813,New York,NY,10281,3/26/2015,10405878.2,38143,65104,32232001.74,10.53,22.66,14.7,22.12,12.25,17.74,14202,5465,19838,35.95,13.83,50.22,10774011.59,17114,51616,7836573.3,12264,3443,1403,4,0,0,0,2.520454545,34.72272727,0.496475155,0.503524845,0.463818182,0.536181818,77513.73227,26606.48,7817,9753.92,3760.8,38,4466.24,17.48,507.76,245.28,6970,Mall,Urban Specialty,COLD,HOT,COLD,COLD,2015
1814,Chattanooga,TN,37402,11/9/2014,2016900.15,8966,14480,3551056.44,4,12.83,12.21,31.13,19.18,20.64,4460,1459,3377,47.98,15.69,36.33,9106375.215,18629,46966,6075436.815,1400,1019,652,301,171,347,14739,2.509333333,39.94262295,0.484166347,0.515833653,0.484901639,0.515098361,43687.52944,12356.8871,1042.822581,9537.112903,1330.741935,21.77419355,180.1774194,4.419354839,224.8870968,14.9516129,4917,Lifestyle,Urban Specialty,COLD,HOT,COLD,COLD,2014
1815,Alpharetta,GA,30009,10/30/2014,3090644.355,15869,23820,9112291.275,6.46,16.76,13.56,27.91,17.64,17.68,6223,3000,7196,37.9,18.27,43.83,9007844.655,18600,50919,6024196.635,3545,4577,3109,1577,903,514,4375,2.646071429,36.07857143,0.486582113,0.513417887,0.480214286,0.519785714,64389.36471,34284.89286,3998.642857,18295.03571,9913.678571,42.60714286,1203.964286,11.10714286,707.8928571,111.9642857,5311,Lifestyle,Hybrid,COLD,HOT,COLD,COLD,2014
1816,Carlsbad,CA,92009,9/24/2014,2903763.21,12824,22030,6195881.895,5.16,14.67,12.86,27.01,21.11,19.18,5781,2130,5386,43.48,16.02,40.51,5320561.29,10610,28694,4274653.785,3742,3269,1483,187,120,190,1619,2.836551724,40.53103448,0.496001205,0.503998795,0.524724138,0.475275862,75667.47052,30197.44828,9826.793103,16242.03448,691.3448276,142.137931,2274.275862,88.89655172,890,41.96551724,6134,Lifestyle,Suburban Specialty,COLD,HOT,COLD,HOT,2014
1818,Brooklyn,NY,11211,9/26/2014,5549316.96,21772,34828,13945997.72,7.18,21.13,15.83,24.4,14.84,16.61,8822,3317,10350,39.23,14.75,46.02,16804705.31,31095,89833,12473928.74,22459,8036,600,0,0,0,0,2.927391304,37.92765957,0.482818677,0.517181323,0.434085106,0.565914894,52258.45109,54261.64,10898.28,18774.3,15288.18,95.32,7547.96,13.28,897.82,746.5,6111,Street,Metro Area Street,COLD,HOT,COLD,COLD,2014
1819,Coral Gables,FL,33146,4/8/2015,2067070.365,8628,12585,4869956.955,6.84,17.22,13.01,24.9,16.81,21.22,4101,1094,3627,46.49,12.4,41.11,2210193.675,3440,10251,1729163.1,2534,906,0,0,0,0,0,3.165217391,41.23913043,0.488747728,0.511252272,0.428434783,0.571565217,45841.27345,39008.04348,34319.69565,3327.565217,757.9565217,19.82608696,441.7826087,6.608695652,111.5652174,23.04347826,2811,Mall,A,HOT,HOT,HOT,HOT,2015
1820,Atlanta,GA,30308,9/1/2015,3444461.67,16022,22519,7831215.165,5.07,16.37,14.5,27.38,15.8,20.88,7450,2358,6743,45.01,14.25,40.74,13907198.15,26034,69937,9713836.98,11619,1470,824,656,754,1072,9639,2.709607843,34.50377358,0.483145974,0.516854026,0.333849057,0.666150943,50375.33135,29088.87037,1902.185185,7275.148148,18333.40741,46.59259259,852.5925926,8.611111111,575.4444444,94.88888889,5493,Lifestyle,Urban Specialty,COLD,HOT,COLD,COLD,2015
1821,Chicago,IL,60657,1/27/2016,4014800.37,16633,28513,12405223.2,8.57,22,17.24,28.54,13.39,10.26,5401,2868,9043,31.2,16.57,52.24,10582289.94,17928,50026,8045699.52,17289,639,0,0,0,0,0,2.204444444,34.06666667,0.500268024,0.499731976,0.363555556,0.636444444,58175.44072,66274.55556,16374.22222,37629.77778,4885.777778,82.77777778,5331.333333,24.66666667,1793.333333,152.6666667,5353,Street,Metro Area Street,COLD,HOT,COLD,COLD,2016
1822,Nashville,TN,37212,3/29/2016,1367061.435,4624,7006,2366372.79,4.87,19.14,16.5,27.94,15.25,16.31,2039,708,2060,42.42,14.73,42.85,4533605.895,9879,24368,3243173.25,4296,936,664,726,484,211,2562,2.426857143,35.67297297,0.504750953,0.495249047,0.409864865,0.590135135,46442.98088,23454.05128,2203.692308,14665.94872,5336.25641,69.15384615,629.2820513,19.41025641,479.6410256,50.66666667,3141,Lifestyle,Urban Specialty,COLD,HOT,COLD,COLD,2016
1824,Washington,DC,20009,11/9/2016,2239378.035,9618,14195,4919137.815,4.76,19.87,18.66,29.52,14.06,13.13,3685,1641,4632,37.01,16.48,46.52,8925715.86,14818,41230,6740756.25,13553,932,280,53,0,0,0,2.788823529,37.44210526,0.500461915,0.499538085,0.334157895,0.665842105,63356.01133,22053.10526,5188,4958.052632,10411.26316,51.21052632,856.2105263,9.315789474,491.2105263,87.84210526,4010,Street,Metro Area Street,COLD,HOT,COLD,COLD,2016
1825,Torrance,CA,90503,1/26/2016,2438784.645,14498,22190,5707587.42,4.05,12.81,11.53,25.79,21.25,24.58,7319,1974,5570,49.24,13.28,37.48,5571523.53,11369,31270,4362713.64,5449,2293,3252,363,0,11,1,3.215,37.09444444,0.489064895,0.510935105,0.452222222,0.547777778,65273.6433,40397.05556,20395.77778,8565,4796.444444,78.22222222,5334.833333,158.5,936.0555556,132.2222222,5649,Mall,A,COLD,HOT,COLD,HOT,2016
1827,Plano,TX,75024,9/12/2017,2761089.915,13202,19214,6665856.81,5.51,14.98,13.57,28.72,18.78,18.43,6456,1957,5208,47.4,14.37,38.24,6322190.145,13652,35387,4320215.49,3921,5935,2425,357,142,87,785,2.865,37.215625,0.490505372,0.509494628,0.5921875,0.4078125,79610.22905,34137.65625,5570.0625,20416.3125,2977.8125,104.6875,4192.96875,17.53125,781.59375,76.6875,6150,Lifestyle,Urban Specialty,COLD,HOT,COLD,COLD,2017
1828,Brooklyn,NY,11201,8/1/2018,2904341.055,13777,17214,4994049.66,3.98,13,9.26,15.09,11.68,46.99,9098,1454,3494,64.77,10.35,24.88,30238062.59,47954,142243,22399629,34392,13163,399,0,0,0,0,2.573846154,33.43076923,0.484590597,0.515409403,0.364769231,0.635230769,52759.256,58682.30769,15655.92308,24389,12584.07692,82.23076923,4135.230769,15.23076923,1569.615385,251,3132,Street,Urban Specialty,COLD,HOT,COLD,COLD,2018
1829,Orange Village,OH,44122,5/29/2019,1083496.575,4572,6342,4625963.655,12.46,26.05,15.57,21.9,9.04,14.98,1607,735,2384,34,15.55,50.44,6189789.27,10634,31326,4051382.04,2700,3156,2495,629,185,52,1417,2.368596491,41.41896552,0.476892178,0.523107822,0.435724138,0.564275862,51706.36886,19128.10345,707.8793103,11555.74138,5985.241379,25.63793103,457.0689655,2,358.6206897,35.9137931,5818,Lifestyle,0,COLD,HOT,COLD,COLD,2019